"","Site","Pixel_Lat","Pixel_Long","rnm","lnm_field","lnm_imputed","rpm","lpm_field","lpm_imputed","AM","MAT","AI","SN_030","TP_030","PH_030","CEC_030","NPP","biome_merge"
"1","site1",-51.596,-69.613,5.433,NA,NA,NA,NA,NA,8.04,7.133,0.212,1.99,0.5,7.9,25.24,0.185,5
"2","site2",-51.513,-69.529,5.867,NA,NA,NA,NA,NA,6.597,7.012,0.214,2.389,0.5,7.9,25.24,0.183,5
"3","site3",-51.412,-70.471,5.39,9.69,9.69,0.96,1.48,1.48,4.569,6.987,0.191,1.854,NA,6.3,28.5,0.117,5
"4","site4",-51.221,-69.221,5.17,8.15,8.15,0.83,0.73,0.73,7.984,7.367,0.19,2.147,0.5,7.9,25.24,0.2,5
"5","site5",-50.904,-71.854,7.34,11.22,11.22,0.86,1.24,1.24,8.165,6.071,0.192,2.149,0.5,6.3,28.5,0.114,5
"6","site6",-50.338,-71.637,4.25,NA,NA,NA,NA,NA,2.407,7.188,0.124,2.123,0.5,7.9,25.24,0.082,5
"7","site7",-50.329,-72.379,7.867,NA,NA,NA,NA,NA,5.424,7.579,0.232,2.321,0.5,6.2,35.34,0.171,5
"8","site8",-50.088,-71.012,5.96,10.15,10.15,0.7,1.21,1.21,4.715,5.838,0.108,3.12,0.5,7.9,25.24,0.125,5
"9","site9",-43.338,170.179,8.431,NA,14.617,0.621,NA,1.149,87.079,10.571,3.03,8.731,0.6,5,7.1,1.277,2
"10","site10",-42.571,171.137,22.997,29.908,29.908,1.196,1.62,1.62,83.169,11.917,2.315,4.936,0.6,5,7.1,0.794,2
"11","site11",-36.638,175.829,14.963,NA,23.982,1.745,NA,1.888,69.724,15.063,1.343,4.653,0.8,6.10000000068154,26.39,0.738,2
"12","site12",-30.079,-64.554,11.65,NA,28.553,NA,NA,2.579,20.714,19.862,0.27,1.079,NA,7.4,15.76,0.164,1
"13","site13",-29.712,-71.229,9.806,19.065,19.065,NA,1.1,1.1,12.986,14.188,0.042,1.104,0.5,8,20.79,0.102,7
"14","site14",-22.312,114.113,4.1,12.3,12.3,0.403,1.405,1.405,18.645,24.8,0.088,1.417,0.3,7.7,17.76,0.258,7
"15","site15",-20.712,116.613,3.6,11.9,11.9,0.262,0.861,0.861,19.808,25.75,0.094,1.943,0.2,7.7,11.54,0.239,7
"16","site16",-18.246,146.254,7,NA,NA,0.375,NA,NA,51.219,24.171,0.851,3.041,0.4,5.7,13.36,1.326,1
"17","site17",0.546,116.338,9.647,NA,NA,0.341,NA,NA,72.673,27.746,1.629,2.313,0.6,4.9,10.78,0.924,1
"18","site18",1.904,-67.046,13.933,11.1,11.1,0.863,0.66,0.66,86.347,26.275,2.524,1.597,0.8,3.5,8.55,0.85,1
"19","site19",4.613,-71.312,3.725,NA,NA,0.29,NA,NA,86.002,26.646,1.65,1.123,0.4,4.7,7.41,0.563,1
"20","site20",4.688,8.562,12.355,24.957,24.957,1.141,1.608,1.608,84.319,26.075,2.225,2.055,0.6,5.3,12.8,0.756,8
"21","site21",8.429,1.079,13.733,27.833,27.833,0.957,1.51,1.51,87.524,26.608,0.682,0.791,0.5,6.5,9.88,0.504,1
"22","site22",9.146,-79.854,14.806,NA,27.547,0.666,NA,1.13,81.566,26.279,1.421,3.678,NA,5.7,9.3,0.945,1
"23","site23",9.671,-83.113,13.4,NA,NA,NA,NA,NA,82.547,24.258,2.13,3.309,0.5,5.3,20.61,1.046,1
"24","site24",9.896,-83.671,19.4,NA,NA,NA,NA,NA,80.951,22.979,2.027,2.96,1,5.3,27.43,0.807,1
"25","site25",9.938,-83.729,19.6,NA,NA,NA,NA,NA,80.87,20.708,2.089,4.653,NA,5.3,27.43,0.982,1
"26","site26",11.896,-86.146,15.9,NA,NA,NA,NA,NA,70.121,24.183,0.81,1.814,1,6.5,17.98,1.026,1
"27","site27",12.812,-14.879,8.082,NA,12.738,0.515,NA,0.9,47.133,26.621,0.495,0.856,0.3,6.3,2.8,0.076,1
"28","site28",13.746,-15.671,12.54,NA,NA,0.5,NA,NA,42.217,27.417,0.274,0.45,NA,6.4,3.19,0.302,1
"29","site29",14.046,101.912,11.15,NA,NA,NA,NA,NA,66.264,27.508,0.757,0.817,0.6,6,18.59,0.558,1
"30","site30",18.279,-65.746,12.5,8.85,8.85,0.679,0.55,0.55,78.268,22.317,1.366,6.652,0.4,4.5,25.38,1.418,1
"31","site31",18.296,-65.829,18.2,NA,5.7,0.5,NA,0.228,78.283,21.154,1.284,3.898,0.4,4.5,25.38,1.422,1
"32","site32",18.296,-65.787,13,NA,10.949,NA,NA,0.531,78.285,20.737,1.369,5.221,0.4,4.5,25.38,1.377,1
"33","site33",18.421,108.879,15.6,NA,18.838,NA,NA,0.851,74.589,25.542,0.733,1.988,0.5,8.00000000029831,15.81,0.455,1
"34","site34",18.604,108.846,14.153,NA,16.457,NA,NA,0.953,72.343,24.146,0.789,1.903,0.3,5,6.82,1.174,1
"35","site35",18.663,108.812,16.125,NA,19.299,NA,NA,1.161,70.92,24.621,0.742,1.793,0.3,5,6.82,1.177,1
"36","site36",18.721,108.863,6.504,16.219,16.219,0.416,0.395,0.395,69.975,21.075,1.037,4.346,0.5,5.2,5.66,1.243,1
"37","site37",18.729,108.879,13.674,15.484,15.484,0.34,0.437,0.437,69.896,20.617,1.073,2.774,0.2,5,6.1,1.266,1
"38","site38",18.729,108.904,13.676,15.921,15.921,0.324,0.413,0.413,70.042,20.679,1.058,2.473,0.5,5.2,5.66,1.27,1
"39","site39",18.737,108.863,8.884,14.611,14.611,0.778,0.725,0.725,69.623,20.983,1.036,2.659,0.2,5,6.1,1.228,1
"40","site40",18.737,108.871,12.472,17.149,17.149,0.612,0.561,0.561,69.672,20.608,1.068,2.869,0.2,5,6.1,1.253,1
"41","site41",18.737,108.879,12.036,16.222,16.222,0.599,0.493,0.493,69.721,20.492,1.075,2.514,0.2,5,6.1,1.27,1
"42","site42",18.737,108.887,11.749,25.198,25.198,0.603,0.894,0.894,69.769,20.575,1.068,2.193,0.2,5,6.1,1.251,1
"43","site43",18.746,108.863,14.275,16.779,16.779,0.405,0.534,0.534,69.448,21.192,1.01,2.016,0.5,5.2,5.66,0.556,1
"44","site44",20.796,-156.246,6.967,6.9,6.9,0.403,0.397,0.397,71.818,14.892,1.33,9.003,1.9,6.2,19.67,1.365,1
"45","site45",20.796,-156.154,13.1,8.1,8.1,0.49,0.34,0.34,72.419,19.067,1.26,8.724,1.9,6.2,19.67,1.709,1
"46","site46",20.804,-156.254,12.45,8.15,8.15,0.55,0.385,0.385,71.844,16.075,1.131,7.035,1.9,6.2,19.67,1.712,1
"47","site47",21.604,101.579,9.966,22.399,22.399,0.603,1.167,1.167,56.877,21.8,1.177,2.072,0.2,5.3,4.5,1.342,1
"48","site48",21.679,101.412,19.415,NA,12.7,NA,NA,0.48,54.57,20.921,1.14,2.365,0.5,5,11.35,1.333,1
"49","site49",21.929,101.246,9.963,NA,NA,NA,NA,NA,50.253,22.729,1.119,1.659,0.5,6.5,10.38,0.986,1
"50","site50",21.962,101.229,14.412,NA,24.12,NA,NA,1.262,49.727,22.121,1.092,2.259,0.1,5.3,4.5,1.341,1
"51","site51",22.062,112.079,16.727,NA,16.026,0.655,NA,1.279,64.754,22.575,1.488,1.792,0.3,5.3,7.88,0.442,1
"52","site52",22.579,114.171,20.734,NA,13.532,NA,NA,2.119,67.516,22.325,1.449,2.222,0.2,4.2,6.84,0.444,1
"53","site53",22.579,114.213,22.908,NA,NA,NA,NA,NA,67.654,19.967,1.583,3.431,0.3,4.9,7.11,0.801,1
"54","site54",22.679,112.904,17.399,NA,16.538,NA,NA,0.821,62.48,22.271,1.421,1.365,0.2,4.2,6.84,0.559,1
"55","site55",23.013,112.529,14.784,NA,16.518,NA,NA,1.28,54.759,22.408,1.352,0.965,0.2,4.2,6.84,0.59,1
"56","site56",23.013,112.546,13,NA,11.814,0.35,NA,1.467,54.869,22.458,1.347,1.012,0.2,4.2,6.84,0.595,1
"57","site57",23.138,112.588,20.872,NA,20.892,NA,NA,1.181,52.763,21.375,1.385,1.814,0.6,5.5,5.24,0.462,1
"58","site58",23.163,112.554,13.894,25.019,25.019,0.656,1.117,1.117,52.015,22.112,1.347,1.03,0.2,4.2,6.84,0.396,1
"59","site59",23.171,112.537,12.295,22.667,21.509,0.54,0.798,0.936,51.716,21.008,1.406,1.752,0.2,5.2,6.1,0.814,1
"60","site60",23.171,112.546,12.603,22.431,22.097,0.528,0.914,0.898,51.784,21.721,1.366,1.488,0.2,5.2,6.1,0.618,1
"61","site61",24.529,101.021,11.077,24.545,24.276,0.734,1.272,1.281,26.716,12.079,0.913,4.889,0.8,5.7,19.92,1.392,1
"62","site62",24.562,114.446,18.923,21.769,21.769,NA,1.346,1.346,37.845,16.879,1.556,1.989,0.4,5,5.66,0.493,1
"63","site63",24.571,114.438,9.851,21.751,21.751,0.712,1.164,1.164,37.766,17.717,1.49,1.758,0.3,4.9,6.37,0.465,1
"64","site64",24.579,114.438,8.782,NA,17.159,0.599,NA,1.181,37.706,18.096,1.459,1.511,0.5,4.9,8.51,0.557,1
"65","site65",24.579,114.446,18.364,NA,21.622,NA,NA,1.454,37.724,17.942,1.468,1.807,0.3,4.9,6.37,0.643,1
"66","site66",24.737,108.329,11.842,24.403,24.403,0.716,1.058,1.058,30.454,19.575,1.182,1.375,0.8,7.1,14.85,0.69,1
"67","site67",25.038,82.629,8.5,7.5,7.5,0.24,0.65,0.65,34.615,26.142,0.499,0.855,0.1,10,10.25,0.23,1
"68","site68",25.246,91.746,6.533,NA,NA,0.513,NA,NA,80.482,18.271,6.516,2.851,0.6,5,13.1,0.558,1
"69","site69",25.862,98.846,6.721,NA,27.491,NA,NA,1.416,36.735,20.342,1.135,1.815,0.5,6.4,12.81,0.564,3
"70","site70",26.079,109.896,7.375,NA,16.499,NA,NA,1.012,26.629,15.288,1.414,2.043,0.4,5,8.4,0.604,1
"71","site71",26.246,105.762,10.534,22.99,22.99,0.619,1.14,1.14,21.33,14.887,1.069,1.979,0.4,7.5,22.8,0.566,1
"72","site72",26.312,117.604,8.01,10.85,10.85,1,0.94,0.94,34.286,18.846,1.196,1.294,0.5,5.1,7.07,0.533,1
"73","site73",26.729,115.054,8.057,14.057,14.057,0.402,0.656,0.656,30.17,18.158,1.2,1.517,0.2,4.7,10.5,0.642,1
"74","site74",27.013,78.029,17.183,NA,22.728,1.1,NA,1.65,30.288,25.621,0.385,0.697,0.5,9.2,9.79,0.298,1
"75","site75",27.046,118.154,7.877,NA,12.52,0.529,NA,0.931,33.581,17.979,1.321,1.422,0.5,5.2,7.23,0.521,1
"76","site76",27.062,114.613,8.864,NA,16.359,NA,NA,1.454,29.548,17.737,1.221,0.982,0.2,5.2,6.1,0.74,1
"77","site77",27.129,118.079,9.264,NA,14.88,0.392,NA,0.895,33.905,18.75,1.303,1.049,0.5,5.1,7.07,0.54,1
"78","site78",27.712,117.746,11.377,17.803,17.803,0.487,0.803,0.803,34.826,14.675,1.743,2.252,0.3,5,7.41,0.644,1
"79","site79",27.712,117.754,13.349,21.257,21.257,0.592,1.123,1.123,34.811,15.017,1.712,3.867,0.3,5,7.41,0.539,1
"80","site80",27.721,117.754,12.957,28.328,28.328,0.589,1.898,1.898,34.798,14.054,1.82,2.513,0.3,5,7.41,0.64,1
"81","site81",27.796,117.654,9.98,14.74,14.74,0.42,1.1,1.1,34.836,11.367,2.199,4.551,0.4,5.1,10.94,0.682,1
"82","site82",27.812,117.713,18.073,30.482,30.482,0.763,1.992,1.992,34.719,12.096,2.102,4.159,0.4,5.1,10.94,0.582,1
"83","site83",27.904,117.796,10.26,20.845,20.845,0.589,1.332,1.332,34.468,10.754,2.341,7.715,0.4,5.1,10.94,0.576,1
"84","site84",28.013,117.654,10.273,NA,22.705,0.635,NA,1.362,34.435,17.371,1.403,1.393,0.6,5.1,6.62,0.561,1
"85","site85",28.062,100.287,9.391,NA,15.054,0.487,NA,1.259,23.293,12.275,0.58,3.094,0.5,7.9,17.08,0.365,6
"86","site86",28.062,100.329,9.576,NA,13.672,0.605,NA,2.257,23.393,11.217,0.576,3.924,0.8,6.6,20.89,0.668,6
"87","site87",28.071,100.312,8.635,NA,15.054,0.706,NA,1.259,23.27,10.333,0.574,3.084,0.8,6.6,20.89,0.535,6
"88","site88",28.104,100.262,5.083,NA,13.672,0.507,NA,2.257,22.811,12.917,0.586,4.907,0.5,7.9,17.08,0.397,6
"89","site89",28.121,100.238,5.725,NA,NA,0.613,NA,NA,22.577,9.637,0.574,2.817,0.8,6.6,20.89,0.483,6
"90","site90",28.129,100.238,5.203,NA,NA,0.389,NA,NA,22.492,9.788,0.573,3.26,0.8,6.6,20.89,0.862,6
"91","site91",28.188,106.804,12.327,25.517,25.517,0.529,1.145,1.145,23.269,14.504,1.036,1.573,0.3,4.9,7.62,0.583,1
"92","site92",28.379,113.304,13.6,NA,15.208,0.456,NA,1.195,28.139,17.25,1.168,1.249,0.3,4.8,9.67,0.752,2
"93","site93",28.462,105.012,15.83,NA,NA,0.17,NA,NA,22.243,16.304,1.053,1.717,0.3,4.9,7.62,0.803,1
"94","site94",28.479,100.338,7.1,NA,NA,0.876,NA,NA,19.294,0.092,0.814,4.754,1.4,6.4,15,0.734,6
"95","site95",28.487,100.338,7.21,NA,NA,0.791,NA,NA,19.211,0.788,0.783,5.291,1.4,6.4,15,0.79,6
"96","site96",28.554,100.188,7.049,NA,NA,0.878,NA,NA,18.181,2.583,0.659,3.815,1.3,5.3,31.78,0.716,6
"97","site97",28.737,99.863,5.11,NA,12.193,0.654,NA,1.062,15.896,8.4,0.521,2.76,0.7,8.2,14.54,0.474,3
"98","site98",28.754,99.863,4.944,NA,12.193,0.788,NA,1.062,15.797,8.133,0.524,2.135,0.7,8.2,14.54,0.57,3
"99","site99",28.938,101.537,5.73,NA,NA,1.133,NA,NA,22.621,9.7,0.749,6.196,0.6,6.6,20.18,0.722,6
"100","site100",28.954,101.537,6.379,NA,NA,0.625,NA,NA,22.44,9.229,0.753,3.441,0.6,6.6,20.18,0.778,6
"101","site101",29.021,99.721,6.264,NA,15.054,0.888,NA,1.259,13.78,2.967,0.606,3.81,1,6.7,13.14,0.445,6
"102","site102",29.029,99.713,5.284,NA,15.054,0.435,NA,1.259,13.707,4.637,0.565,3.656,0.3,7.6,10.65,0.459,6
"103","site103",29.029,99.721,7.125,NA,10.083,0.717,NA,1.645,13.732,2.362,0.613,4.33,1,6.7,13.14,0.481,6
"104","site104",29.029,111.104,6.542,13.28,13.28,0.405,0.872,0.872,25.677,15.867,1.189,1.938,0.3,4.8,7.62,0.54,1
"105","site105",29.046,-82.254,8.2,NA,9.864,NA,NA,0.941,40.828,21.171,0.781,3.679,0.4,5.3,7.1,0.819,3
"106","site106",29.046,99.387,5.12,NA,12.193,0.601,NA,1.062,13,6.05,0.507,2.092,0.8,6.5,19.27,0.387,3
"107","site107",29.062,99.387,5.23,NA,12.193,0.564,NA,1.062,12.903,6.704,0.511,1.732,0.8,6.5,19.27,0.319,3
"108","site108",29.112,100.221,4.825,NA,10.083,0.464,NA,1.645,14.741,3.596,0.568,2.559,1.2,6.8,21.04,0.302,6
"109","site109",29.121,99.613,6.997,NA,10.083,0.695,NA,1.645,12.885,3.804,0.549,4.36,1.2,6.5,19.27,0.626,3
"110","site110",29.129,99.554,5.016,NA,12.193,0.591,NA,1.062,12.666,8.121,0.488,1.984,0.5,7.6,21.2,0.606,3
"111","site111",29.129,99.613,7.233,NA,10.083,0.815,NA,1.645,12.838,3.837,0.544,3.794,0.8,6.4,15.03,0.672,3
"112","site112",29.129,100.179,7.415,NA,10.083,0.675,NA,1.645,14.511,3.388,0.577,3.096,1.2,6.8,21.04,0.349,6
"113","site113",29.138,99.912,6.544,NA,12.193,0.559,NA,1.062,13.674,6.958,0.522,3.577,1.1,6.6,19.27,0.536,6
"114","site114",29.138,101.412,9.538,NA,NA,0.548,NA,NA,19.854,2.917,0.905,4.971,1.3,5.1,31.78,0.776,6
"115","site115",29.138,118.396,8.847,18.805,18.805,0.281,0.587,0.587,31.632,17.025,1.33,1.402,0.5,5,6.68,0.448,2
"116","site116",29.146,99.929,5.689,NA,12.193,0.542,NA,1.062,13.673,5.7,0.538,4.007,1.1,6.6,19.27,0.593,6
"117","site117",29.146,101.396,10.919,NA,14.24,0.945,NA,1.03,19.682,1.821,0.934,4.409,1.4,5.9,11.4,0.876,6
"118","site118",29.163,101.396,13.134,NA,NA,0.973,NA,NA,19.502,2.071,0.961,4.75,1.3,5.1,31.78,0.547,6
"119","site119",29.163,101.412,9.395,NA,NA,0.975,NA,NA,19.581,1.175,0.975,4.708,1.3,5.1,31.78,0.741,6
"120","site120",29.171,100.104,8.764,NA,15.054,0.769,NA,1.259,14.03,1.367,0.625,4.213,1.2,6.8,21.04,0.348,6
"121","site121",29.179,101.471,7.335,NA,10.083,0.753,NA,1.645,19.672,3.621,0.878,4.512,1.4,5.9,11.4,0.811,6
"122","site122",29.188,100.088,7.613,NA,15.054,0.819,NA,1.259,13.879,1.979,0.612,3.84,1.2,6.8,21.04,0.381,3
"123","site123",29.196,101.537,13.37,NA,23.635,1.041,NA,2.435,19.806,3.087,0.933,5.253,1.3,5.1,31.78,0.854,6
"124","site124",29.204,118.104,7.533,7.343,7.343,0.497,0.237,0.237,31.561,16.596,1.352,1.275,0.5,5,6.68,0.583,2
"125","site125",29.212,101.529,12.444,NA,23.635,1.019,NA,2.435,19.582,1.2,0.987,5.964,1.3,5.1,31.78,0.802,6
"126","site126",29.221,101.529,11.83,NA,14.24,1.324,NA,1.03,19.49,1.825,0.964,5.302,1.3,5.1,31.78,0.865,6
"127","site127",29.237,101.463,10.085,NA,10.083,0.939,NA,1.645,18.983,1.596,0.931,4.373,1.3,5.1,31.78,0.502,3
"128","site128",29.246,101.529,9.627,NA,14.24,0.779,NA,1.03,19.215,0.95,0.975,4.919,1.3,5.1,31.78,0.76,3
"129","site129",29.263,101.529,9.901,NA,14.24,1.028,NA,1.03,19.032,0.962,0.953,5.183,1.3,5.1,31.78,0.711,3
"130","site130",29.546,103.262,9.4,NA,NA,NA,NA,NA,22.143,12.837,1.142,4.889,1,5.3,20.79,0.839,3
"131","site131",29.579,102.021,12.547,NA,23.635,1.078,NA,2.435,20.327,5.9,1.021,6.28,0.8,5.1,31.78,0.833,6
"132","site132",29.579,102.029,12.323,NA,23.635,0.53,NA,2.435,20.398,6.217,1.011,6.636,0.8,5.1,31.78,0.796,3
"133","site133",29.671,116.137,17,20,20,1.3,1.25,1.25,28.217,17.383,1.035,1.981,0.6,4.70000000071963,10.94,0.336,2
"134","site134",29.763,94.579,6.2,NA,NA,0.3,NA,NA,14.493,-2.996,0.844,4.748,0.4,5.8,30.39,0.153,3
"135","site135",29.796,121.787,12.063,22.966,22.966,0.4,0.88,0.88,27.014,16.042,1.067,1.557,0.4,5.7,10.25,0.942,1
"136","site136",29.821,106.371,9.501,19.639,19.639,0.963,1.778,1.778,26.587,15.938,1.113,2.095,0.3,4.9,7.62,0.621,2
"137","site137",29.837,106.387,10.969,23.11,23.11,0.629,1.17,1.17,26.62,16.208,1.112,1.974,0.3,4.9,7.62,0.673,2
"138","site138",29.996,101.904,6.21,16.41,16.41,1.27,4.61,4.61,18.016,5.912,0.734,4.38,1.3,6.5,19,0.579,6
"139","site139",30.021,117.363,15.379,28.461,28.461,0.815,1.309,1.309,29.225,14.675,1.474,1.989,0.4,5.2,9.04,0.617,2
"140","site140",30.021,117.371,19.876,24.599,24.599,0.716,0.946,0.946,29.238,15.042,1.425,1.973,0.4,5.2,9.04,0.682,2
"141","site141",30.029,117.354,9.9,NA,13.531,NA,NA,0.971,29.185,15.208,1.392,1.962,0.4,5.2,9.04,0.661,2
"142","site142",30.029,117.363,9.344,15.893,15.893,0.536,0.794,0.794,29.198,15.396,1.363,1.598,0.4,5.2,9.04,0.697,2
"143","site143",30.029,117.371,10.441,13.823,13.823,0.661,0.784,0.784,29.211,15.167,1.397,1.381,0.5,5,6.68,0.698,2
"144","site144",30.038,100.771,11.795,NA,14.24,1.384,NA,1.03,12.116,2.554,0.675,4.477,0.8,5.8,25.65,0.681,3
"145","site145",30.038,100.779,10.604,NA,14.24,0.913,NA,1.03,12.139,1.121,0.719,4.894,1.2,6.3,22.22,0.502,3
"146","site146",30.038,100.979,10.058,NA,13.672,1.048,NA,2.257,12.688,7.625,0.573,6.308,0.5,6.5,19.27,0.811,3
"147","site147",30.038,100.988,6.485,NA,13.672,0.545,NA,2.257,12.71,9.333,0.555,5.831,0.5,8.1,14.31,0.827,3
"148","site148",30.046,100.771,9.421,NA,14.24,1.03,NA,1.03,12.089,1.954,0.688,4.207,1.2,6.3,22.22,0.653,3
"149","site149",30.046,100.971,7.248,NA,13.672,0.775,NA,2.257,12.637,9.075,0.558,6.448,0.5,8.1,14.31,0.778,3
"150","site150",30.046,119.554,9.76,19.92,19.92,1.32,1.75,1.75,28.086,15.658,1.166,1.841,0.5,7,16.46,0.583,2
"151","site151",30.071,101.137,6.278,NA,13.672,0.626,NA,2.257,13.005,8.517,0.547,2.794,0.5,7.6,21.2,0.515,3
"152","site152",30.112,110.804,10.913,20.971,20.971,0.448,0.844,0.844,21.845,9.646,1.559,6.137,0.7,6,16.11,0.538,1
"153","site153",30.288,99.471,9.15,NA,NA,0.842,NA,NA,10.185,-0.362,0.652,4.207,0.7,6.5,18.1,0.278,6
"154","site154",30.288,99.504,13.318,NA,NA,0.93,NA,NA,10.207,-0.592,0.669,4.477,1.2,6.5,23.35,0.456,3
"155","site155",30.312,-81.713,13.2,NA,9.864,NA,NA,0.941,36.953,20.771,0.787,7.371,0.3,7.7,24.51,1.109,3
"156","site156",30.312,90.804,6.757,17.19,17.19,0.57,0.993,0.993,11.755,2.721,0.297,2.776,0.6,7.4,13.33,0.088,6
"157","site157",30.421,99.488,9.527,NA,15.1,0.866,NA,0.97,10.15,-0.733,0.697,4.977,0.7,6.5,18.1,0.438,6
"158","site158",30.471,100.238,9.537,NA,NA,0.859,NA,NA,10.105,4.283,0.584,4.995,1.3,6.8,14.88,0.593,3
"159","site159",30.479,100.238,9.761,NA,NA,0.644,NA,NA,10.087,4.442,0.579,3.996,1.3,6.8,14.88,0.572,3
"160","site160",30.479,111.929,9.3,NA,24.787,NA,NA,2.265,26.59,16.825,0.876,0.968,0.6,7.9,10.66,0.481,2
"161","site161",30.562,91.454,11.665,17.4,17.4,0.61,0.995,0.995,11.67,0.521,0.343,4.987,0.9,7.2,11.01,0.149,6
"162","site162",30.612,101.704,8.96,NA,NA,0.909,NA,NA,14.007,7.375,0.604,4.568,0.5,6.7,19.5,0.791,6
"163","site163",30.854,101.279,8.504,NA,10.083,0.54,NA,1.645,11.203,3.896,0.65,5.45,1,7.2,17.8,0.607,3
"164","site164",30.871,100.338,8.917,NA,NA,0.472,NA,NA,9.767,4.779,0.565,5.804,1.5,5.9,24.2,0.514,3
"165","site165",30.871,100.354,8.163,NA,NA,0.715,NA,NA,9.771,2.746,0.614,4.126,0.9,6.5,18.07,0.314,3
"166","site166",30.871,102.654,16.576,NA,13.3,1.45,NA,1.146,19.338,2.933,0.904,5.662,0.5,8.2,13.98,0.73,6
"167","site167",30.879,100.321,7.51,NA,13.3,0.745,NA,1.146,9.756,4.083,0.567,5.326,1.5,5.9,24.2,0.559,3
"168","site168",30.879,100.637,11.276,NA,13.3,0.46,NA,1.146,10.046,3.629,0.61,4.578,1.4,6.5,19,0.364,6
"169","site169",30.879,100.879,7.582,NA,NA,0.694,NA,NA,10.465,5.146,0.604,4.963,1.4,6.5,19,0.705,6
"170","site170",30.879,100.887,6.709,NA,NA,0.68,NA,NA,10.48,4.054,0.637,4.844,1.5,5.9,28.03,0.982,6
"171","site171",30.879,102.637,6.629,NA,13.3,0.564,NA,1.146,19.241,3.725,0.878,5.848,0.5,8.2,13.98,0.506,6
"172","site172",30.904,100.329,7.69,NA,NA,0.798,NA,NA,9.741,5.838,0.522,3.493,1,7.2,18.06,0.396,3
"173","site173",30.904,100.338,7.22,NA,NA,0.735,NA,NA,9.743,4.267,0.558,4.316,1.5,5.9,24.2,0.441,3
"174","site174",30.929,100.829,8.8,NA,NA,0.684,NA,NA,10.326,3.958,0.639,5.3,1.5,5.9,28.03,0.61,6
"175","site175",30.938,91.662,7.42,13.15,13.15,0.5,1.015,1.015,10.931,-2.413,0.403,3.765,0.7,7.5,8.99,0.066,6
"176","site176",30.954,100.812,10.925,NA,14.24,0.921,NA,1.03,10.273,2.938,0.674,5.007,1.5,5.9,28.03,0.569,6
"177","site177",30.962,100.821,9.956,NA,14.24,0.764,NA,1.03,10.277,2,0.711,5.196,1.5,5.9,28.03,0.502,6
"178","site178",31.029,100.721,8.972,NA,14.24,0.931,NA,1.03,10.059,0.942,0.742,4.914,1.5,5.9,28.03,0.306,6
"179","site179",31.029,113.054,10.303,NA,12.31,NA,NA,1.025,28.264,16.471,0.855,1.264,0.3,7,21.89,0.271,2
"180","site180",31.071,103.221,13.662,NA,28.687,0.803,NA,3.468,19.914,10.154,0.975,7.724,0.4,7.5,10.7,0.746,3
"181","site181",31.112,103.562,11.469,25.376,25.376,0.679,1.265,1.265,20.645,13.163,1.002,8.24,0.8,5.5,21.21,0.615,3
"182","site182",31.121,100.946,7.738,NA,23.635,0.733,NA,2.435,10.282,6.079,0.543,3.9,1,7.2,17.8,0.639,3
"183","site183",31.121,100.963,6.054,NA,23.635,0.779,NA,2.435,10.304,7.783,0.509,4.179,1,7.2,17.8,0.562,6
"184","site184",31.138,100.896,6.71,NA,23.635,0.334,NA,2.435,10.195,6.154,0.547,4.228,1,7.2,17.8,0.614,3
"185","site185",31.154,100.812,7.769,NA,NA,0.778,NA,NA,10.068,3.754,0.621,4.01,1.5,5.9,28.03,0.554,3
"186","site186",31.154,100.821,9.035,NA,15.1,0.617,NA,0.97,10.079,2.912,0.647,4.972,1.5,5.9,28.03,0.529,3
"187","site187",31.163,100.796,7.465,NA,15.1,0.525,NA,0.97,10.038,3.446,0.627,4.319,1.5,5.9,28.03,0.488,3
"188","site188",31.171,100.779,19.044,NA,NA,0.577,NA,NA,10.008,5.958,0.561,4.496,1.5,5.9,28.03,0.407,3
"189","site189",31.179,100.787,8.532,NA,28.687,0.566,NA,3.468,10.011,6.446,0.546,5.805,1,7.2,17.8,0.56,3
"190","site190",31.179,100.821,11.229,NA,NA,0.887,NA,NA,10.053,5.946,0.549,4.279,1,7.2,17.8,0.633,3
"191","site191",31.188,100.796,10.941,NA,28.687,0.722,NA,3.468,10.013,6.867,0.535,4.71,1,7.2,17.8,0.339,3
"192","site192",31.188,100.812,9.987,NA,28.687,0.845,NA,3.468,10.034,6.804,0.531,4.054,1,7.2,17.8,0.348,3
"193","site193",31.212,116.062,11.66,NA,NA,NA,NA,NA,26.563,14.833,1.13,0.997,0.4,5.5,9.77,0.339,2
"194","site194",31.229,102.879,6.967,NA,15.1,0.407,NA,0.97,17.74,-2.217,1.502,5.03,1.2,6.2,26.7,0.571,6
"195","site195",31.246,102.887,13.724,NA,13.3,0.928,NA,1.146,17.69,-0.75,1.332,5.221,1.2,6.2,26.7,0.604,6
"196","site196",31.263,102.912,7.65,NA,28.687,0.425,NA,3.468,17.735,-2.571,1.486,5.155,0.8,6.5,21.44,0.535,3
"197","site197",31.321,110.488,9.53,21.989,21.989,0.965,1.395,1.395,21.626,10.533,1.256,3.734,1.1,6.2,16.43,0.321,2
"198","site198",31.321,110.504,8.975,NA,20.548,0.936,NA,1.556,21.638,9.633,1.297,7.277,1.1,6.2,16.43,0.301,2
"199","site199",31.388,90.746,6.49,21.577,21.577,0.406,1.016,1.016,10.847,-0.317,0.348,2.826,0.8,8.1,7.46,0.029,6
"200","site200",31.396,103.238,10.293,NA,13.3,1.19,NA,1.146,19.217,4.5,0.952,6.232,1.4,6.2,34.8,0.61,3
"201","site201",31.438,92.021,15.2,27.915,27.565,1.077,1.595,1.625,9.955,-0.262,0.36,4.25,0.7,7.5,8.99,0.089,6
"202","site202",31.446,92.021,11.443,19.4,19.4,0.76,1.423,1.423,9.939,-0.3,0.361,4.348,0.7,7.5,8.99,0.082,6
"203","site203",31.462,95.454,10.059,23.452,23.452,0.692,1.522,1.522,9.667,0.342,0.601,4.43,0.8,6.5,17.12,0.139,6
"204","site204",31.546,89.721,10.716,23.515,23.515,0.5,1.122,1.122,11.217,0.567,0.334,2.367,0.8,8.2,8.89,0.027,6
"205","site205",31.579,100.579,8.007,NA,14.24,0.513,NA,1.03,9.596,4.321,0.604,4.588,1,7.2,17.8,0.47,6
"206","site206",31.579,100.588,7.726,NA,14.24,0.564,NA,1.03,9.601,5.662,0.573,4.885,1,7.2,17.8,0.518,6
"207","site207",31.596,100.771,8.84,NA,NA,0.583,NA,NA,9.716,3.454,0.63,4.453,1.4,6,28.03,0.437,6
"208","site208",31.596,102.371,8.466,NA,NA,0.767,NA,NA,12.6,2.458,0.812,5.079,0.6,6.5,19.26,0.737,3
"209","site209",31.596,102.379,9.669,NA,NA,0.75,NA,NA,12.624,3.071,0.786,5.181,0.6,6.5,19.26,0.52,3
"210","site210",31.612,100.579,8.974,NA,14.24,0.713,NA,1.03,9.62,4.088,0.615,4.249,1,7.2,17.8,0.343,6
"211","site211",31.646,92.012,9.746,22.676,22.676,1.119,1.563,1.563,9.786,-1.6,0.387,5.35,1.1,6.6,19.38,0.09,6
"212","site212",31.646,100.562,9.646,NA,23.635,0.474,NA,2.435,9.636,3.85,0.61,5.255,1.4,6,24.83,0.558,6
"213","site213",31.646,100.571,9.303,NA,23.635,0.476,NA,2.435,9.64,3.904,0.61,4.313,1.4,6,24.83,0.547,6
"214","site214",31.671,102.721,16.04,NA,28.687,1.067,NA,3.468,14.065,3.754,0.834,6.174,0.8,5,35.06,0.74,3
"215","site215",31.688,92.412,16.8,14.45,14.45,0.92,1.36,1.36,9.776,-1.608,0.434,4.613,0.9,7.3,11.74,0.12,6
"216","site216",31.688,102.729,13.119,NA,28.687,0.903,NA,3.468,14.025,3.492,0.833,5.8,0.5,6.5,18.72,0.73,3
"217","site217",31.696,102.721,12.33,NA,13.3,1.03,NA,1.146,13.93,2.062,0.902,5.406,1.5,6.2,35.05,0.756,3
"218","site218",31.696,102.738,11.931,NA,13.3,0.862,NA,1.146,14.028,3.533,0.826,5.189,0.5,6.5,18.72,0.745,3
"219","site219",31.696,103.896,10.818,25.307,25.307,0.974,1.769,1.769,16.204,10.929,0.909,3.846,0.5,8.1,15.23,0.819,3
"220","site220",31.712,99.762,7.636,NA,28.687,0.724,NA,3.468,9.112,5.358,0.525,3.988,1,7.2,18.06,0.391,6
"221","site221",31.712,102.304,11.818,NA,13.3,0.92,NA,1.146,12.077,0.367,0.903,5.062,1.4,6,30.62,0.654,3
"222","site222",31.712,102.771,7.111,NA,13.3,0.766,NA,1.146,14.126,2.275,0.872,5.858,1.5,6.2,35.05,0.768,6
"223","site223",31.737,102.262,17.057,NA,28.687,0.783,NA,3.468,11.901,2.979,0.789,5.428,1,6.4,19.26,0.737,3
"224","site224",31.746,102.271,13.053,NA,28.687,0.894,NA,3.468,11.898,3.242,0.785,5.423,1,6.4,19.26,0.749,3
"225","site225",31.771,92.621,8.48,20.25,20.25,0.54,1.167,1.167,9.619,-2.746,0.505,5.68,1.2,6.5,18,0.094,6
"226","site226",31.829,103.929,13.91,NA,NA,0.755,NA,NA,15.658,9.625,0.976,9.392,0.5,6.4,14.76,0.72,3
"227","site227",31.837,103.929,17.749,NA,NA,0.668,NA,NA,15.636,9.771,0.979,8.089,0.5,6.4,14.76,0.823,3
"228","site228",31.854,93.529,12.528,27.032,27.032,1.051,1.892,1.892,8.666,-2.921,0.634,5.485,1.1,6.6,19.38,0.116,6
"229","site229",31.871,87.821,11.425,28.804,28.804,0.553,1.327,1.327,14.928,0.858,0.208,2.273,0.6,8.2,12.2,0.015,6
"230","site230",31.879,100.738,9.134,NA,NA,0.51,NA,NA,9.814,5.204,0.591,5.246,1,7.3,17.8,0.419,6
"231","site231",31.921,85.838,9.387,21.631,21.631,0.742,1.104,1.104,16.999,-2.962,0.102,2.851,0.8,8,10.66,0.011,6
"232","site232",31.987,100.879,11.733,NA,NA,0.652,NA,NA,9.835,1.433,0.732,5.146,0.8,6.5,18.13,0.532,6
"233","site233",32.179,91.721,5.355,20.8,20.8,0.515,0.885,0.885,9.623,-4.279,0.443,5.189,0.9,6,33.02,0.084,6
"234","site234",32.296,81.238,12.28,31.692,31.692,0.809,1.697,1.697,14.498,-1.238,0.081,2.352,0.7,8.2,8.83,0.02,6
"235","site235",32.412,83.346,15.074,31.309,31.309,0.883,1.912,1.912,17.127,-0.625,0.056,1.91,0.6,8.1,10.66,0.005,6
"236","site236",32.487,80.146,10.938,25.529,25.529,0.604,1.44,1.44,11.121,0.025,0.067,1.174,0.7,8.1,11.25,0.021,6
"237","site237",32.579,91.863,8.093,19.39,19.39,0.597,1.153,1.153,9.642,-6.908,0.523,3.806,0.9,6,33.02,0.058,6
"238","site238",32.821,102.588,9.135,19.529,19.529,1.33,2.218,2.218,9.356,2.717,0.719,8.608,0.8,7.2,11.01,0.44,6
"239","site239",32.954,104.113,8.25,NA,23.635,0.665,NA,2.435,14.056,4.012,0.86,5.149,1.4,5.9,28.84,0.708,6
"240","site240",32.963,104.079,6.18,NA,NA,1.135,NA,NA,13.644,3.154,0.906,4.785,1.4,5.9,28.84,0.734,6
"241","site241",33.263,107.363,9.825,24.56,24.56,0.637,1.177,1.177,20.092,13.429,0.734,1.886,0.4,7.8,12.1,0.595,2
"242","site242",33.321,96.279,18.6,28.35,28.35,1.63,3.14,3.14,8.085,-4.283,0.638,5.596,0.5,7.6,14.32,0.101,6
"243","site243",33.412,-83.412,14.2,NA,22.102,NA,NA,1.705,25.746,16.95,0.776,0.934,0.4,5.6,5.57,0.82,2
"244","site244",33.796,99.804,11.895,22.207,22.207,0.997,2.003,2.003,7.818,-0.729,0.554,6.15,0.6,6.5,15.34,0.231,6
"245","site245",33.896,-83.363,8.975,10.4,10.4,NA,NA,1.362,28.161,16.467,0.829,0.725,0.4,5.6,5.32,1.028,2
"246","site246",33.929,99.871,12.018,25.582,25.582,1.42,1.935,1.935,7.765,-2.492,0.61,4.822,0.6,6.5,15.34,0.229,6
"247","site247",33.938,99.829,9.027,21.247,21.247,0.927,2.063,2.063,7.754,-2.783,0.61,5.33,0.6,6.5,15.34,0.273,6
"248","site248",33.987,92.346,10.05,21.15,21.15,0.675,1.095,1.095,10.792,-4.233,0.298,1.813,0.7,8.2,7.65,0.035,6
"249","site249",34.013,95.804,7.077,19.8,19.8,0.803,1.797,1.797,8.241,-1.233,0.398,4.081,0.7,7.5,18.39,0.153,6
"250","site250",34.013,100.071,12.862,20.96,20.96,0.976,1.844,1.844,7.755,-3.904,0.692,4.88,0.6,6.5,15.34,0.237,6
"251","site251",34.062,97.604,14.94,26.85,27.15,1.375,1.995,2.224,7.903,-6.863,0.642,4.432,0.6,6.5,15.34,0.095,6
"252","site252",34.062,99.404,10.63,25.47,25.47,1.09,2.27,2.27,7.682,-3.629,0.577,4.593,0.6,6.5,15.34,0.202,6
"253","site253",34.096,96.162,11.133,23.7,23.7,1.187,1.62,1.62,8.126,-4.471,0.513,4.078,0.5,8.2,14.29,0.091,6
"254","site254",34.146,95.804,18.91,20.2,20.2,1.38,1.645,1.645,8.288,-1.487,0.378,3.384,0.7,7.5,18.39,0.069,6
"255","site255",34.237,100.254,10.182,29.342,29.342,0.892,2.064,2.064,7.657,-4.058,0.7,5.845,0.6,6.5,15.34,0.24,6
"256","site256",34.279,97.879,12.443,21.633,21.633,1.15,1.93,1.93,8.037,-6.908,0.603,3.429,0.6,6.5,15.34,0.086,6
"257","site257",34.371,92.613,13.1,17.923,17.923,1.19,1.547,1.547,10.983,-4.333,0.284,1.948,0.6,8.2,7.66,0.029,6
"258","site258",34.396,-106.512,10.85,NA,12.261,NA,NA,1.2,41.711,11.954,0.156,0.579,0.3,5,11.51,0.174,7
"259","site259",34.571,98.004,13.787,30.16,30.16,1.365,2.44,2.44,8.016,-4.363,0.414,4.598,0.9,8.2,10.61,0.097,6
"260","site260",34.721,92.887,10.317,16.45,22.311,0.86,1.38,1.654,11.223,-6.008,0.336,2.557,0.4,7.6,15.85,0.053,6
"261","site261",34.787,135.829,12.35,NA,16.242,NA,NA,0.782,34.665,14.4,1.225,1.478,0.6,6.2,26.48,1.415,2
"262","site262",34.888,98.229,12.253,16.74,16.74,1.15,1.648,1.648,7.729,-3.454,0.335,2.003,0.9,8.2,10.61,0.068,6
"263","site263",34.921,98.213,12.633,26.543,26.543,1.067,1.54,1.54,7.674,-3.713,0.344,2.861,0.7,9,7.64,0.069,6
"264","site264",34.971,135.846,19.5,NA,15.082,NA,NA,0.809,36.15,13.558,1.385,3.038,0.6,5.1,13.36,0.858,2
"265","site265",35.037,135.429,10.4,NA,10.717,NA,NA,0.799,33.579,12.692,1.425,4.504,0.8,6.4,24.9,0.843,2
"266","site266",35.062,-83.429,27,NA,23.555,NA,NA,1.49,36.035,12.65,1.328,2.038,0.5,5.2,11.52,0.815,2
"267","site267",35.171,93.037,9.934,18.94,18.94,0.826,1.162,1.162,12.36,-5.425,0.286,2.255,0.9,8.2,10.61,0.037,6
"268","site268",35.254,112.429,11.818,NA,23.54,NA,NA,1.721,14.622,10.942,0.46,1.637,0.4,7.5,19.82,0.167,2
"269","site269",35.287,99.012,15.338,29.06,29.06,1.278,1.696,1.696,7.829,-5.154,0.415,4.714,0.9,8.2,10.61,0.071,6
"270","site270",35.412,100.971,17.843,29.833,27.625,1.272,1.577,1.577,3.766,0.35,0.446,5.602,0.6,7.2,15.25,0.264,6
"271","site271",35.521,93.738,12.715,27.235,27.235,0.91,1.435,1.435,13.404,-4.617,0.228,3.572,0.7,8.5,3.92,0.028,6
"272","site272",35.579,101.079,9.26,28.063,26.936,0.904,1.592,1.643,3.471,1.129,0.424,3.952,0.5,8.2,8.96,0.255,6
"273","site273",35.629,101.088,13.887,28.8,28.8,1.132,1.58,1.58,3.421,-0.304,0.472,4.942,0.6,7.3,14.71,0.242,6
"274","site274",35.646,135.812,11.5,NA,10.717,NA,NA,0.799,40.998,15.504,1.59,0,0.6,5.40000001085175,14.26,0.338,2
"275","site275",35.721,109.012,6.1,11.5,11.5,0.7,1.1,1.1,16.59,9.062,0.442,1.318,0.7,8.3,8.29,0.486,2
"276","site276",35.737,94.246,10.835,22.757,22.083,1.037,1.64,1.503,12.774,-2.821,0.164,2.564,0.8,8.1,9.43,0.039,6
"277","site277",35.746,109.012,5.4,21,21,0.3,1.9,1.9,16.656,8.771,0.442,1.59,0.7,8.3,8.29,0.145,2
"278","site278",35.779,101.171,10.93,24.7,24.7,0.932,1.407,1.407,3.258,1.087,0.425,3.629,0.5,8.2,8.96,0.209,6
"279","site279",35.796,101.296,15.945,27.195,27.195,1.452,1.932,1.932,3.228,0.933,0.453,5.155,0.5,8.2,8.96,0.29,6
"280","site280",35.987,111.637,11.416,22.228,22.228,0.63,1.038,1.038,15.516,11.275,0.364,0.827,1.3,8.3,8.58,0.366,2
"281","site281",35.996,112.296,10.384,21.953,21.953,0.727,1.125,1.125,14.289,10.217,0.398,0.719,1.3,8.3,8.58,0.328,2
"282","site282",36.013,100.254,7.23,15.7,15.7,0.82,1.19,1.19,3.913,2.721,0.274,1.21,0.9,8.3,7.28,0.115,6
"283","site283",36.071,110.179,10.585,21.48,21.48,0.739,0.927,0.927,16.737,10.562,0.368,0.796,1.3,8.2,7.76,0.379,2
"284","site284",36.171,100.512,14.59,24.133,24.133,0.953,1.317,1.317,3.19,3.867,0.275,1.062,0.3,8.5,7.35,0.096,6
"285","site285",36.204,120.579,18.383,24.543,24.543,0.766,1.042,1.042,20.099,10.983,0.594,1.804,0.6,7.5,17.23,0.725,2
"286","site286",36.213,120.596,14.508,21.652,21.652,0.749,1.205,1.205,20.096,11.433,0.57,1.762,0.6,7.5,17.23,0.9,2
"287","site287",36.221,116.312,12.559,24.7,24.7,0.374,0.784,0.784,21.503,13.717,0.43,0.762,0.6,7.9,17.34,0.326,2
"288","site288",36.287,113.354,10.688,27.946,27.946,1.102,2.137,2.137,14.734,10.729,0.426,0.659,0.6,8.1,9.37,0.307,2
"289","site289",36.362,100.738,7.09,22.157,22.157,0.69,1.01,1.01,2.946,1.746,0.351,3.47,0.5,8.2,8.96,0.196,6
"290","site290",36.371,101.479,14.087,26.567,26.567,1.517,1.993,1.993,2.315,-2.017,0.603,5.647,0.8,6.1,19.44,0.266,6
"291","site291",36.438,101.088,7.457,25.6,25.6,0.47,1.48,1.48,2.576,-0.546,0.454,5.037,1.2,7.2,14.8,0.269,6
"292","site292",36.446,127.121,16.071,NA,22.581,0.5,NA,1.183,13.554,11.808,1.133,1.627,0.6,5.2,10.74,0.776,2
"293","site293",36.463,80.721,11.451,19.358,19.358,NA,NA,1.672,14.858,9.675,0.022,0.887,0.5,8.5,5.2,0.124,7
"294","site294",36.688,102.838,6.117,11.48,11.48,0.383,1.13,1.13,7.54,1.975,0.406,4.654,0.6,6.9,18.12,0.585,3
"295","site295",36.688,112.096,10.556,26.463,26.463,0.86,1.505,1.505,17.714,5.592,0.485,4.274,0.7,6.3,18,0.201,2
"296","site296",36.696,112.079,9.31,NA,21.462,0.776,NA,1.677,17.765,5.708,0.48,3.401,0.7,6.3,18,0.179,2
"297","site297",36.746,109.246,8.925,23.17,23.17,0.486,1.033,1.033,19.577,9.4,0.354,0.738,1.2,8.2,6.23,0.295,2
"298","site298",36.779,99.671,10.558,21.18,21.18,0.754,1.196,1.196,4.643,-0.938,0.297,4.63,0.6,7.5,18.38,0.253,6
"299","site299",36.929,107.921,8.667,20.819,20.819,0.764,1.036,1.036,24.93,8.233,0.323,0.789,0.5,8.3,6.54,0.219,6
"300","site300",36.946,82.396,11.675,23.858,23.858,1.879,1.784,1.784,21.022,11.767,0.021,0.508,0.4,8.6,3.13,NA,7
"301","site301",36.954,100.863,14.133,20.45,20.45,0.823,1.025,1.025,2.109,0.117,0.395,3.564,0.7,8.4,13.04,0.299,6
"302","site302",37.021,80.721,8.721,21.344,21.344,1.564,1.489,1.489,25.843,12.633,0.024,0.662,0.4,8.6,3.17,0.178,7
"303","site303",37.263,99.979,13.1,33.3,28.342,0.813,1.313,1.313,4.25,0.496,0.288,2.135,0.8,8.2,15.28,0.18,6
"304","site304",37.279,98.988,7.062,16.25,16.25,0.675,0.943,0.943,5.76,-1.508,0.234,1.965,0.7,8.2,15.28,0.205,6
"305","site305",37.388,-6.229,10.357,14.586,14.586,0.841,0.925,0.925,0.956,17.9,0.298,0.892,0.6,7.9,16.89,0.57,7
"306","site306",37.421,105.779,13.041,28.416,28.416,0.681,1.017,1.017,29.045,9.125,0.15,0.552,0.7,8.3,11.76,0.167,6
"307","site307",37.446,104.921,10.882,30.473,30.473,0.494,1.246,1.246,30.216,8.779,0.132,0.497,0.7,8.3,7.32,0.114,7
"308","site308",37.454,104.779,15.194,29.623,29.623,NA,NA,1.751,30.527,8.1,0.134,0.5,0.7,8.3,7.32,0.128,7
"309","site309",37.463,78.471,7.607,19.963,19.963,2.082,1.812,1.812,30.853,12.762,0.018,0.552,0.7,8.5,12.59,0.329,7
"310","site310",37.463,104.446,11.188,31.638,31.638,0.623,1.456,1.456,30.833,7.688,0.128,0.486,0.7,8.3,7.32,0.128,7
"311","site311",37.579,107.188,11.416,25.5,25.5,0.45,0.773,0.773,31.103,7.908,0.245,0.397,0.5,7.4,4.11,0.161,6
"312","site312",37.604,101.321,9.257,17.907,17.907,1.274,2.235,2.235,2.056,-1.992,0.486,5.852,1.5,5.9,48.56,0.349,6
"313","site313",37.612,101.304,10.852,24.023,24.023,0.951,1.543,1.543,2.101,-1.871,0.482,6.134,0.5,8.2,13.72,0.397,6
"314","site314",37.654,128.529,6.6,NA,23.534,0.4,NA,1.754,19.92,8.279,1.326,2.813,NA,7,18.54,0.796,2
"315","site315",37.662,101.329,11.904,26.157,26.157,1.244,1.792,1.792,2.459,-2.608,0.514,5.181,0.5,8.2,13.72,0.347,6
"316","site316",37.779,127.188,11,NA,16.242,0.75,NA,0.782,18.107,9.792,1.281,3.293,0.6,5.2,10.74,0.74,2
"317","site317",37.787,127.179,10,NA,9.95,0.4,NA,0.74,18.081,9.604,1.275,3.711,0.6,5.2,10.74,0.747,2
"318","site318",37.812,101.963,6.48,13.753,13.753,0.407,1.347,1.347,7.152,0.233,0.398,5.307,0.7,8.1,9.43,0.435,6
"319","site319",37.862,111.479,12.168,NA,13.353,NA,NA,1.267,21.396,1.379,0.533,3.886,0.6,6.3,17.67,0.186,2
"320","site320",38.412,101.387,6.447,13.953,13.953,0.48,1.403,1.403,7.91,-2.904,0.433,4.813,0.8,7.4,17.72,0.287,7
"321","site321",38.421,99.929,6.453,12.66,12.66,0.633,1.24,1.24,2.708,-4.625,0.462,8.66,0.6,7.5,8.84,0.317,6
"322","site322",38.562,100.863,4.36,12.083,12.083,0.447,1.327,1.327,6.873,5.713,0.194,1.023,0.7,8.4,8.09,0.207,7
"323","site323",38.654,111.921,6.408,16.832,16.832,0.724,1.466,1.466,22.688,3.846,0.412,3.189,0.4,8,16.36,0.351,2
"324","site324",38.679,112.012,25.732,36.056,36.056,0.918,2.28,2.28,22.746,5.363,0.365,1.342,1.1,8.3,6.36,0.293,2
"325","site325",38.696,99.771,5.011,12.592,12.592,0.502,1.324,1.324,6.782,-5.779,0.495,9.001,1,6.4,24.26,0.345,6
"326","site326",38.696,111.988,5.773,16.31,16.31,0.561,1.206,1.206,22.756,4.871,0.376,3.782,0.4,8,16.36,0.376,2
"327","site327",38.713,111.946,7.574,17.74,17.74,0.769,1.308,1.308,22.759,2.467,0.468,4.485,0.5,7,20.78,0.147,2
"328","site328",38.721,111.954,8.571,19.662,19.662,0.669,1.443,1.443,22.771,2.396,0.47,3.622,0.5,7,20.78,0.206,2
"329","site329",38.721,111.979,5.063,21.103,21.103,0.607,1.752,1.752,22.781,3.725,0.419,2.859,0.4,8,16.36,0.344,2
"330","site330",38.729,111.863,16.031,22.771,22.771,0.877,1.49,1.49,22.745,-2.208,0.745,4.411,1.3,6.1,16.89,0.338,2
"331","site331",38.879,99.529,5.867,13.887,13.887,0.413,1.577,1.577,10.089,-3.35,0.396,4.876,0.8,6.2,17.77,0.274,6
"332","site332",38.904,117.137,8.8,17.9,17.9,0.84,2.34,2.34,20.014,12.558,0.368,1.12,0.6,8.4,9.29,0.157,2
"333","site333",38.954,113.654,10.029,23.125,23.125,0.902,1.617,1.617,19.937,3.213,0.48,3.718,0.5,7,15.4,0.26,2
"334","site334",38.963,113.637,10.465,23.681,23.681,0.524,1.173,1.173,19.989,2.338,0.539,4.403,0.7,6.4,18.65,0.298,2
"335","site335",38.963,113.662,13.299,25.325,25.325,1.822,5.676,5.676,19.951,2.679,0.51,3.59,0.6,6.4,18.49,0.33,2
"336","site336",39.004,113.621,11.052,27.265,27.265,0.814,1.776,1.776,20.15,2.729,0.508,3.442,0.6,6.6,19.27,0.338,2
"337","site337",39.013,113.629,8.908,20.353,20.353,0.539,1.281,1.281,20.164,2.237,0.537,3.657,0.6,6.6,19.27,0.337,2
"338","site338",39.088,113.804,7.445,20.672,20.672,0.419,1.152,1.152,20.077,7.958,0.306,1.196,0.5,7,15.4,0.272,2
"339","site339",39.096,113.779,9.72,18.635,18.635,0.565,0.965,0.965,20.147,7.733,0.31,1.273,0.5,7,10.73,0.234,2
"340","site340",39.096,113.812,12.814,25.808,25.808,0.575,1.234,1.234,20.084,7.533,0.317,1.617,0.5,7,10.73,0.266,2
"341","site341",39.396,100.121,11.149,28.025,28.025,1.004,1.57,1.57,24.683,7.775,0.107,0.41,0.5,8.1,9.19,0.236,7
"342","site342",39.404,98.446,4.37,13.197,13.197,0.563,1.31,1.31,4.67,-4.804,0.306,6.078,0.8,8.1,20.39,0.194,6
"343","site343",39.487,110.196,10.542,25.7,25.7,NA,NA,1.988,26.144,6.092,0.26,0.621,0.4,8.4,3.68,0.147,6
"344","site344",39.554,98.104,4.513,11.858,11.858,0.537,1.368,1.368,5.406,-2.629,0.208,3.913,0.7,8,25.79,0.177,7
"345","site345",39.579,97.929,4.333,12.027,12.027,0.453,1.183,1.183,5.869,-3.375,0.232,5.998,0.7,8.3,12.66,0.13,7
"346","site346",39.612,97.879,4.068,9.484,9.484,0.4,1.202,1.202,6.684,-3.871,0.228,3.693,0.9,8,13.24,0.165,7
"347","site347",39.704,115.404,14.939,NA,24.197,NA,NA,1.785,18.439,9.887,0.333,1.819,0.4,8,12.1,0.167,2
"348","site348",39.838,115.562,15.471,18.67,18.67,0.621,1.328,1.328,18.401,7.567,0.367,3.125,0.7,6.5,16.1,0.072,2
"349","site349",39.854,115.621,12.745,30.966,30.966,1.175,2.092,2.092,18.48,6.554,0.396,5.657,0.7,6.5,16.1,0.011,2
"350","site350",39.929,115.479,13.697,32.715,32.715,0.914,2.604,2.604,18.314,8.508,0.338,1.491,0.5,7,15.4,0.18,2
"351","site351",39.929,115.571,15.462,24.297,24.297,1.027,1.459,1.459,18.386,9.829,0.344,1.04,0.6,7.8,15.47,0.219,2
"352","site352",39.938,115.488,10.152,24.854,24.854,0.915,2.156,2.156,18.301,8.921,0.337,0.999,0.6,7.8,15.47,0.158,2
"353","site353",39.946,115.463,9.267,19.444,19.444,1.133,1.692,1.692,18.333,8.525,0.342,1.555,0.5,6,12.99,0.333,2
"354","site354",39.946,115.488,8.157,20.164,20.164,0.613,1.652,1.652,18.299,9.179,0.336,1.003,0.6,7.8,15.47,0.218,2
"355","site355",39.954,115.412,16.854,42.696,42.696,0.807,2.577,2.577,18.399,7.096,0.356,3.106,0.5,6,12.99,0.175,2
"356","site356",39.954,115.463,11.957,19.709,19.709,1.464,1.724,1.724,18.331,8.196,0.345,1.675,0.6,7.8,15.47,0.208,2
"357","site357",39.963,115.421,11.607,NA,22.208,0.68,NA,1.689,18.387,6.812,0.36,3.708,0.5,6,12.99,0.114,2
"358","site358",39.963,115.429,10.234,20.963,20.963,0.716,1.101,1.101,18.375,7.279,0.354,3.699,0.5,6,12.99,0.112,2
"359","site359",39.963,115.438,16.122,24.934,24.934,1.134,1.592,1.592,18.364,7.55,0.351,3.939,0.5,6,12.99,0.124,2
"360","site360",39.963,116.054,14.954,19.914,19.914,1.492,1.044,1.044,19.043,11.467,0.376,2.302,0.3,7,21.2,0.057,2
"361","site361",39.971,115.429,12.496,30.059,30.059,1.098,1.992,1.992,18.374,7.263,0.354,3.39,0.5,6,12.99,0.054,2
"362","site362",39.971,115.479,13.641,27.185,27.185,0.817,1.176,1.176,18.305,8.571,0.341,2.202,0.6,7.6,8.46,0.199,2
"363","site363",39.979,115.471,6.548,23.633,23.633,0.48,1.199,1.199,18.314,7.792,0.352,2.246,0.6,7.6,8.46,0.176,2
"364","site364",39.979,115.479,12.681,24.833,24.833,0.66,1.619,1.619,18.303,8.45,0.342,2.079,0.2,7,16.54,0.235,2
"365","site365",39.987,115.479,10.283,21.973,21.973,0.58,1.2,1.2,18.301,8.354,0.343,1.905,0.2,7,16.54,0.235,2
"366","site366",40.004,115.463,11.135,22.971,22.971,0.901,1.17,1.17,18.321,6.7,0.367,3.369,0.5,6.5,31.19,0.009,2
"367","site367",40.004,115.488,10.859,23.498,23.498,0.752,1.449,1.449,18.285,7.362,0.356,5.739,0.5,6.5,31.19,0.076,2
"368","site368",40.004,116.046,14.943,22.364,22.364,0.707,0.943,0.943,19.01,11.383,0.371,1.465,0.2,7,20.17,0.173,2
"369","site369",40.013,115.421,12.988,18.319,18.319,0.821,1.016,1.016,18.38,6.963,0.352,2.693,0.5,7,15.4,0.124,2
"370","site370",40.013,115.463,9.2,NA,NA,NA,NA,NA,18.319,5.171,0.409,4.614,0.5,6,12.99,0.077,2
"371","site371",40.021,116.046,17.47,23.279,23.279,0.885,1.101,1.101,19.001,10.833,0.376,1.462,0.2,7,20.17,0.247,2
"372","site372",40.029,116.029,9.513,16.265,16.265,0.454,3.676,3.676,18.974,10.279,0.378,1.204,0.2,7,20.17,0.143,2
"373","site373",40.037,115.471,13.333,27.28,27.28,0.776,1.872,1.872,18.302,3.867,0.447,3.218,0.5,6,12.99,0.087,2
"374","site374",40.037,115.488,9.588,19.534,19.534,0.812,1.273,1.273,18.277,5.229,0.402,3.138,0.5,6,12.99,0.019,2
"375","site375",40.062,116.021,6.52,24.427,24.427,1.426,1.547,1.547,18.946,8.462,0.374,2.473,0.6,6.9,14.33,0.115,2
"376","site376",40.071,116.004,10.011,16.314,16.314,0.527,1.245,1.245,18.92,8.863,0.366,2.023,0.6,6.9,14.33,0.054,2
"377","site377",40.104,124.104,12.796,19.666,19.666,0.603,0.785,0.785,19.726,8.538,0.857,1.351,0.5,6,18.7,0.864,2
"378","site378",40.104,124.113,17.022,20.683,20.683,0.788,1.042,1.042,19.727,8.667,0.856,1.24,0.5,6,18.7,0.858,2
"379","site379",40.379,81.179,9.863,22.036,22.036,1.461,1.52,1.52,35.348,11.754,0.03,0.668,0.6,8.4,8.16,0.066,7
"380","site380",40.562,-106.129,7.4,10.45,10.45,0.35,1,1,8.665,2.438,0.533,2.561,0.4,7.2,15.26,0.302,7
"381","site381",40.604,117.363,14.317,21.008,21.008,0.905,1.043,1.043,20.694,8.137,0.398,2.81,0.6,7,13.3,0.146,2
"382","site382",40.604,117.371,13.948,21.008,21.008,1.059,1.043,1.043,20.706,7.75,0.405,3.168,0.6,7,13.3,0.239,2
"383","site383",40.629,117.454,11.689,30.464,30.464,0.548,1.09,1.09,20.69,7.554,0.404,3.076,0.4,6.3,12.78,0.029,2
"384","site384",40.638,117.446,12.21,15.161,15.161,1.03,1.102,1.102,20.634,8.017,0.394,1.53,0.4,6.3,12.78,0.061,2
"385","site385",40.646,117.446,16.261,21.894,21.894,0.957,1.037,1.037,20.588,8.429,0.39,1.209,0.4,6.3,12.78,0.346,2
"386","site386",40.713,-77.963,15.476,NA,21.742,NA,NA,2.224,57.562,9.458,0.893,1.625,0.4,5.8,10.55,0.62,2
"387","site387",40.804,82.096,8.758,19.975,19.975,1.302,1.116,1.116,32.469,11.663,0.043,0.696,0.6,8.4,9.82,0.05,2
"388","site388",40.812,-104.762,6.3,NA,12.042,NA,NA,1.8,11.576,8.996,0.214,1.028,0.5,7.4,17.13,0.205,5
"389","site389",40.946,-82.463,16.001,21.609,21.609,NA,NA,1.803,51.932,9.304,0.88,3.313,0.5,6,15.35,0.617,2
"390","site390",41.029,120.079,8.532,NA,12.193,1.469,NA,1.062,17.777,8.125,0.38,0.881,0.5,7,16.08,0.386,2
"391","site391",41.179,-104.904,13.875,NA,18.841,1.243,NA,1.559,15.381,7.496,0.239,1.128,0.5,7.7,12.16,0.256,5
"392","site392",41.754,-111.796,8.8,NA,25.13,1.2,NA,0.624,38.763,8.171,0.323,3.544,1.1,7.1,17.59,0.293,7
"393","site393",41.787,111.829,8.4,24.27,24.27,0.71,0.95,0.95,19.765,3.671,0.142,1.481,0.7,8.1,12.9,0.147,5
"394","site394",41.929,100.787,9.519,19.566,19.566,0.511,0.948,0.948,34.48,8.608,0.019,0.523,0.5,8.3,6.93,0.077,7
"395","site395",42.021,124.938,12.842,23.099,23.099,0.737,1.009,1.009,21.707,5.463,0.756,2.818,0.6,6.2,20.33,0.383,2
"396","site396",42.029,116.279,14.998,NA,23.803,NA,NA,1.581,13.377,3.067,0.32,1.746,0.6,8.1,17.21,0.208,5
"397","site397",42.179,-93.504,13.5,NA,NA,NA,NA,NA,56.185,8.621,0.729,2.343,0.5,7,25.2,0.357,5
"398","site398",42.362,112.379,9.07,12.4,12.4,0.64,0.91,0.91,20.41,4.292,0.163,1.33,0.6,8.5,11.92,0.116,7
"399","site399",42.404,128.087,13.368,NA,22.255,1.487,NA,1.904,31.366,3.275,0.746,3.839,0.8,6,25.53,0.486,2
"400","site400",42.404,128.096,14.287,29.287,29.287,2.083,1.82,1.82,31.02,3.296,0.747,3.677,0.7,5.5,20.13,0.487,2
"401","site401",42.463,1.188,7.92,NA,11.972,0.823,NA,1.201,9.611,9.508,0.677,3.447,0.7,5.4,20.07,0.844,2
"402","site402",42.621,126.262,12.249,25.926,25.926,0.746,1.34,1.34,32.557,5.142,0.736,1.398,0.7,5.5,20.13,0.34,2
"403","site403",42.713,-84.554,25.771,NA,23.999,NA,NA,1.997,36.374,8.929,0.733,2.927,0.5,6.2,14.37,0.638,2
"404","site404",42.812,-76.479,15.729,NA,19.775,NA,NA,1.563,59.342,7.812,0.983,2.109,0.4,6.2,12.41,0.595,2
"405","site405",42.862,115.887,9.906,23.274,23.274,NA,NA,1.658,10.234,1.642,0.258,2.118,0.3,8.3,7.35,0.202,5
"406","site406",42.879,112.571,10.934,29.488,29.488,0.884,1.598,1.598,22.829,4.375,0.121,1.406,0.9,8.3,7.28,0.108,7
"407","site407",42.929,120.688,11.212,24.361,24.361,NA,NA,1.74,20.445,7.104,0.291,0.64,0.3,8.5,3.92,0.221,5
"408","site408",42.971,120.721,10.885,NA,27.029,NA,NA,1.525,20.453,7.15,0.295,0.833,0.3,8.5,3.92,0.27,5
"409","site409",43.388,110.738,8.86,27.85,27.85,0.748,1.275,1.275,30.5,4.204,0.091,1.031,0.3,8.1,7.93,0.093,7
"410","site410",43.438,82.454,11.91,22.5,22.5,NA,NA,NA,2.719,9.292,0.136,2.894,0.7,8.3,8.09,0.366,6
"411","site411",43.546,116.671,13.22,27.617,27.617,0.689,1.583,1.583,6.234,0.983,0.269,1.291,0.8,8.1,16.16,0.208,5
"412","site412",43.604,116.738,8.557,24.41,24.41,0.673,1.107,1.107,6.506,1.096,0.271,1.411,0.4,8,16.19,0.202,5
"413","site413",43.612,121.213,13.536,NA,24.812,1.161,NA,1.984,20.303,6.992,0.278,0.794,0.9,9,8.85,0.286,5
"414","site414",43.629,112.179,14.7,33.73,33.73,1.01,2.54,2.54,27.311,3.754,0.117,1.024,0.5,8.4,6.13,0.082,7
"415","site415",43.629,116.696,10.81,NA,25.918,1.046,NA,1.8,6.763,1.125,0.267,1.464,0.3,8.4,7.35,0.224,5
"416","site416",43.638,112.146,15.816,37.917,37.917,0.898,2.352,2.352,27.358,3.812,0.118,1.06,0.5,8.6,5.94,0.085,7
"417","site417",43.662,-86.154,13.4,NA,22.838,NA,NA,1.816,50.836,7.496,0.849,1.512,0.4,6.4,16.42,0.66,2
"418","site418",43.821,113.454,8.68,22.194,22.194,0.81,1.354,1.354,17.171,2.862,0.134,1.241,0.6,8.5,11.92,0.103,7
"419","site419",43.846,113.504,14.731,43.705,43.705,0.616,2.627,2.627,16.761,2.767,0.136,1.258,0.6,8.5,11.92,0.104,7
"420","site420",43.862,127.821,15.265,30.964,30.964,1.095,1.471,1.471,51.495,2.388,0.689,3.705,1.1,6.6,27.65,0.35,2
"421","site421",43.888,116.287,10.623,26,26,0.673,1.603,1.603,10.239,1.296,0.236,1.359,0.8,8.1,16.16,0.208,5
"422","site422",43.912,3.088,9.606,NA,20.794,NA,NA,1.921,5.059,10.396,0.672,4.138,0.8,7.6,16.03,0.932,7
"423","site423",43.929,-71.746,10.925,NA,21.697,0.65,NA,1.509,43.611,4.817,1.31,4.774,0.9,5,28.51,0.731,2
"424","site424",43.987,114.846,11.067,26.423,26.423,0.9,1.473,1.473,15.066,1.558,0.171,1.286,0.6,8.2,14.68,0.147,5
"425","site425",44.004,114.896,15.012,34.263,34.263,0.759,1.644,1.644,15.055,1.808,0.17,1.44,0.6,8.2,14.68,0.14,5
"426","site426",44.013,-71.846,15,24.8,22.813,0.83,1.79,1.881,43.966,2.854,1.86,9.595,0.7,4.6,82.7,0.8,2
"427","site427",44.037,-121.338,16.2,NA,14.611,NA,NA,1.407,10.552,7.158,0.256,1.87,1.2,7,17.38,0.588,3
"428","site428",44.112,-121.954,13,NA,11.713,NA,NA,1.119,9.884,6.779,1.168,5.107,0.4,7.4,18.19,0.744,3
"429","site429",44.129,116.329,14.29,32.597,32.597,0.863,2.027,2.027,11.31,1.867,0.217,1.278,0.8,8.2,18.3,0.182,5
"430","site430",44.254,-121.363,7,NA,NA,0.825,NA,NA,10.996,8.5,0.218,0.917,0.6,7.1,13.73,0.204,7
"431","site431",44.263,116.521,15.563,33.322,33.322,1.168,1.714,1.714,11.415,1.088,0.231,2.176,0.7,8.5,15.62,0.187,5
"432","site432",44.371,87.921,11.901,23.697,23.697,NA,NA,1.81,27.931,7.175,0.107,1.587,0.4,8.6,3.2,0.089,7
"433","site433",44.379,-85.838,17.2,NA,22.838,NA,NA,1.816,48.098,6.838,0.854,1.302,0.6,5.5,4.65,0.763,2
"434","site434",44.379,-85.829,12.6,NA,22.838,NA,NA,1.816,48.056,6.871,0.851,1.258,0.6,5,7.23,0.872,2
"435","site435",44.379,87.921,12.447,20.607,20.607,1.075,1.179,1.179,28.012,7.404,0.102,1.326,0.4,8.6,3.2,0.085,7
"436","site436",44.379,142.321,11.2,21.65,21.65,NA,NA,2.264,18.089,3.763,1.572,6.682,0.7,6.2,26.48,0.707,3
"437","site437",44.504,117.679,9.483,29.121,29.121,0.769,1.665,1.665,12.86,1.592,0.267,1.707,0.6,8.1,16.25,0.22,5
"438","site438",44.513,117.363,6.23,17.97,17.97,0.49,0.9,0.9,12.056,1.183,0.258,1.287,0.7,8.5,15.62,0.199,5
"439","site439",44.513,121.037,11.75,27.409,27.409,0.839,1.46,1.46,18.959,6.642,0.268,0.877,0.5,8.3,11.29,0.223,5
"440","site440",44.596,123.504,12.285,28.245,28.245,1.269,1.837,1.837,16.831,6.075,0.317,1.426,0.5,8.1,17.32,0.257,5
"441","site441",44.638,115.821,14.723,39.567,39.567,0.93,2.22,2.22,13.677,1.875,0.189,1.358,0.6,8.2,14.68,0.138,5
"442","site442",44.696,-85.713,12.95,NA,22.838,NA,NA,1.816,48.02,6.925,0.789,2.677,0.6,5.5,4.65,0.712,2
"443","site443",44.729,89.929,7.603,17.608,17.608,0.942,1.157,1.157,30.167,8.154,0.066,1.075,0.7,8.2,7.93,NA,7
"444","site444",44.754,113.537,15.081,NA,22.74,NA,NA,1.771,13.54,1.267,0.162,1.728,0.5,8.6,5.94,0.138,7
"445","site445",44.771,117.463,6.33,22.43,22.43,0.43,0.81,0.81,11.989,1.354,0.246,1.437,0.8,8.1,16.16,0.189,5
"446","site446",44.771,118.354,11.908,28.892,28.892,1.171,1.998,1.998,15.491,1.438,0.289,1.591,0.6,8.1,16.5,0.197,5
"447","site447",44.796,-72.979,11.2,NA,22.838,0.58,NA,1.816,43.642,5.783,1.148,2.387,0.8,5.3,26.01,0.734,2
"448","site448",44.912,112.613,13.919,NA,22.74,NA,NA,1.771,14.468,1.933,0.138,1.304,0.5,8.4,6.13,0.12,7
"449","site449",45.021,116.329,14.3,50.4,50.4,0.94,2.87,2.87,12.158,2.054,0.187,1.186,0.9,8.3,12.23,0.141,5
"450","site450",45.037,111.887,16.495,NA,22.595,NA,NA,1.507,17.446,1.887,0.122,1.356,0.5,8.4,6.13,0.098,7
"451","site451",45.062,-123.979,13.2,NA,15.549,NA,NA,1.647,26.03,9.246,3.338,6.471,0.7,5.6,23.04,0.916,3
"452","site452",45.096,5.887,9.282,NA,15.304,NA,NA,1.265,10.764,5.558,1.387,7.002,0.6,6.9,22,0.858,3
"453","site453",45.104,120.329,10.84,23.542,23.542,0.791,1.267,1.267,20.124,3.908,0.294,1.499,0.4,7.5,21.15,0.218,5
"454","site454",45.121,114.346,15.955,NA,22.595,NA,NA,1.507,9.422,-0.604,0.208,1.761,0.6,7.1,19.74,0.175,5
"455","site455",45.196,-71.438,13.7,23.733,23.733,0.931,1.733,1.733,36.591,3.717,1.464,6.846,0.8,4.6,38.3,0.761,2
"456","site456",45.287,85.021,12.53,22.723,22.723,0.826,1.449,1.449,26.164,8.854,0.066,1.504,0.7,8.3,7.32,0.089,7
"457","site457",45.296,127.546,14.351,26.427,26.427,1.055,1.414,1.414,38.971,3.083,0.569,5.205,1,6.6,27.65,0.338,2
"458","site458",45.362,127.529,18.42,NA,24.955,1.72,NA,2.149,38.259,3.138,0.574,3.697,1,6.6,27.65,0.26,2
"459","site459",45.379,127.529,14.885,NA,20.484,1.975,NA,1.648,38.111,3.117,0.575,3.492,1,6.6,27.65,0.298,2
"460","site460",45.379,127.729,17.595,26.142,26.142,0.812,1.27,1.27,39.255,3.046,0.58,4.701,1,6.6,27.65,0.3,2
"461","site461",45.396,115.238,17.029,NA,22.595,NA,NA,1.507,9.175,0.296,0.222,1.723,0.3,7.2,15.38,0.151,5
"462","site462",45.404,127.654,15.893,19.722,19.722,1.557,2.239,2.239,38.548,2.883,0.584,4.478,1,6.6,27.65,0.181,2
"463","site463",45.404,127.662,18.871,20.396,20.396,1.547,1.553,1.553,38.592,2.821,0.587,3.714,1,6.6,27.65,0.232,2
"464","site464",45.412,127.662,17.474,19.716,19.716,1.458,1.472,1.472,38.499,2.821,0.589,4.591,1,6.6,27.65,0.247,2
"465","site465",45.412,127.671,18.618,23.181,23.181,1.449,1.356,1.356,38.541,2.658,0.593,3.367,1,6.6,27.65,0.249,2
"466","site466",45.421,116.979,11.767,30.577,30.577,1.07,1.487,1.487,11.81,1.833,0.199,1.593,0.6,8.1,16.25,0.153,5
"467","site467",45.421,127.671,13.707,13.062,13.062,1.284,1.473,1.473,38.447,2.717,0.593,4.947,1,6.6,27.65,0.324,2
"468","site468",45.537,-73.154,14.435,20.834,20.834,0.815,1.378,1.378,33.919,5.688,1.23,3.769,0.7,4.5,52.01,0.603,2
"469","site469",45.546,-84.846,17.867,NA,22.838,NA,NA,1.816,47.085,5.887,0.869,1.555,0.6,6,3.57,0.693,2
"470","site470",45.562,-84.713,11.5,NA,18.236,2.1,NA,1.162,46.647,6.217,0.827,0.9,0.7,5.6,6.74,0.666,2
"471","site471",45.562,-73.171,11.07,16.397,16.397,1.305,1.431,1.431,33.423,5.463,1.268,4.889,0.7,4.5,52.01,0.734,2
"472","site472",45.713,3.013,15.876,NA,23.105,NA,NA,2.487,5.467,8.354,0.828,3.029,0.7,6.5,13.16,1.101,2
"473","site473",45.729,117.588,13.114,32.434,32.434,0.804,1.468,1.468,11.951,1.075,0.226,1.478,0.6,8.1,16.74,0.196,5
"474","site474",45.746,118.229,11.065,24.965,24.965,0.875,0.92,0.92,12.314,0.967,0.251,1.511,0.8,8.1,16.16,0.189,5
"475","site475",45.779,-75.079,14.055,19.99,19.99,1.552,2.005,2.005,28.686,4.317,1.233,2.491,1,5.6,8.45,0.616,2
"476","site476",45.954,-74.854,14.92,18.058,18.058,1.559,2.541,2.541,25.881,3.875,1.313,4.795,0.8,5.5,18.56,0.695,2
"477","site477",45.963,116.262,13.583,NA,22.595,NA,NA,1.507,10.411,1.812,0.181,1.531,0.5,7.3,17.64,0.169,5
"478","site478",46.121,-75.154,11.777,17.137,17.137,1.608,1.743,1.743,21.936,3.783,1.297,5.738,0.5,5.3,6.41,0.707,2
"479","site479",46.162,-80.929,9.154,16.631,16.631,1.072,2.029,2.029,23.134,4.312,1.058,3.442,0.5,5.6,8.95,0.644,2
"480","site480",46.221,90.071,11.771,24.518,24.518,1.356,2.096,2.096,13.167,4.25,0.105,2.016,0.6,8.4,7.2,0.052,7
"481","site481",46.438,119.762,10.993,19.96,19.96,0.91,1.22,1.22,9.369,-1.367,0.384,3.783,0.4,7.8,22.87,0.227,5
"482","site482",46.454,80.879,7.955,13.583,13.583,0.825,1.045,1.045,25.617,7.137,0.201,2.236,0.9,8,15.17,0.154,5
"483","site483",46.463,-80.846,9.455,14.067,14.067,0.876,1.058,1.058,29.419,4.292,0.939,3.942,0.8,5.1,13.51,0.445,2
"484","site484",46.471,-84.471,7.637,15.457,15.457,1.067,1.947,1.947,29.217,4.842,0.982,4.214,0.7,5.7,59.54,0.335,8
"485","site485",46.479,-84.471,8.75,14.724,14.724,0.893,1.659,1.659,29.061,4.754,0.987,3.784,0.7,5.7,59.54,0.637,8
"486","site486",46.571,-73.821,9.293,16.315,16.315,1.664,1.831,1.831,12.791,2.346,1.396,5.951,0.8,5.1,13.51,0.683,2
"487","site487",46.579,-73.821,7.295,14.291,14.291,1.214,1.72,1.72,12.695,2.183,1.42,5.635,0.8,5.1,13.51,0.689,2
"488","site488",46.579,117.887,9.217,NA,22.449,NA,NA,1.242,11.091,-0.229,0.247,2.301,0.8,8.1,16.16,0.221,5
"489","site489",46.604,119.296,6.869,NA,22.449,NA,NA,1.242,7.011,-1.729,0.368,4.449,0.4,8,13.44,0.278,5
"490","site490",46.654,-88.463,20.2,NA,22.838,NA,NA,1.816,31.128,4.25,0.926,1.569,0.8,4.9,52.83,0.442,2
"491","site491",46.696,118.512,12.718,NA,22.595,NA,NA,1.507,11.1,-0.213,0.265,2.156,0.5,7.3,17.64,0.219,5
"492","site492",46.704,118.796,8.483,NA,22.449,NA,NA,1.242,9.535,-0.525,0.299,3.387,0.6,8.1,16.75,0.252,5
"493","site493",46.862,-88.879,17.5,NA,22.838,NA,NA,1.816,25.453,4.192,0.911,3.191,0.6,6.6,17.5,0.562,2
"494","site494",46.871,-88.879,14.5,NA,22.838,NA,NA,1.816,25.318,4.221,0.907,2.002,0.6,5.2,9.62,0.427,2
"495","site495",47.096,-66.654,15.5,NA,9.544,NA,NA,NA,21.811,2.054,1.554,6.913,0.7,4.5,83.9,0.616,4
"496","site496",47.188,128.896,15.569,31.754,31.754,1.63,1.73,1.73,45.482,1.463,0.65,3.958,0.8,6.4,22.01,0.402,2
"497","site497",47.188,128.904,12.653,NA,22.72,1.272,NA,1.997,45.463,1.333,0.653,4.028,1.1,6.6,27.65,0.411,2
"498","site498",47.296,-71.171,8.97,17.396,17.396,1.308,2.804,2.804,8.092,-0.058,2.34,6.4,0.8,5.8,7.76,0.66,2
"499","site499",47.296,-71.162,12.273,18.622,18.622,1.931,3.117,3.117,8.088,-0.004,2.335,7.203,0.8,5.8,7.76,0.663,2
"500","site500",47.513,8.346,13.9,NA,12.942,1.18,NA,1.463,6.418,9.221,1.259,3.247,0.5,6.4,14.2,0.602,2
"501","site501",47.688,-83.588,9.94,13.826,13.826,0.858,1.169,1.169,6.387,1.696,1.186,4.6,0.8,5.1,13.51,0.688,2
"502","site502",47.688,-83.579,9.295,17.097,17.097,1.034,1.442,1.442,6.386,1.675,1.192,5.319,0.8,5.1,13.51,0.68,2
"503","site503",47.871,118.779,13.968,34.248,34.248,1.02,2.026,2.026,9.538,-0.563,0.272,2.668,0.6,8.2,11.3,0.228,5
"504","site504",47.921,-84.154,8.22,14.115,14.115,1.138,2.145,2.145,8.592,1.425,1.29,5.68,0.8,5.1,13.51,0.532,4
"505","site505",48.112,128.096,17.15,NA,18.436,1.55,NA,1.81,43.384,0.188,0.658,4.012,0.7,6.5,27.65,0.415,2
"506","site506",48.112,129.113,18.432,NA,22.225,2.105,NA,1.949,43.616,0.587,0.673,3.694,0.7,6.5,27.65,0.444,2
"507","site507",48.179,7.363,16.2,NA,12.942,1.3,NA,1.463,5.838,10.4,0.663,1.747,0.5,7.4,28.73,0.563,2
"508","site508",48.204,7.213,16.2,NA,NA,1.3,NA,NA,5.9,6.525,1.724,4.254,0.6,3.7,6.55,0.802,2
"509","site509",48.213,12.729,14,NA,12.942,NA,NA,1.463,4.281,8.508,1.176,3.528,0.5,6.6,12.94,0.73,2
"510","site510",48.254,-121.229,6.7,NA,12.018,NA,NA,1.752,22.22,8.046,1.781,4.742,0.4,7,26.88,0.652,3
"511","site511",48.271,118.471,11.648,25.342,25.342,0.964,1.672,1.672,11.817,-0.442,0.269,2.398,0.4,8.4,2.55,0.19,5
"512","site512",48.279,11.062,15.067,NA,12.942,1.1,NA,1.463,3.633,8.05,1.047,2.903,0.5,7.1,9.82,0.632,2
"513","site513",48.304,-68.529,10.602,16.093,16.093,1.306,2.002,2.002,3.054,2.617,1.229,5.182,0.9,4.9,57.32,0.651,2
"514","site514",48.312,-68.521,11.332,15.024,15.024,1.278,1.833,1.833,2.981,2.621,1.223,6.112,0.9,4.9,57.32,0.639,2
"515","site515",48.321,-68.838,9.278,14.152,14.152,0.517,1.531,1.531,2.699,2.879,1.239,5.283,0.7,5,14.44,0.641,2
"516","site516",48.329,-68.821,10.203,16.234,16.234,1.362,2.468,2.468,2.638,2.667,1.274,5.007,0.7,5,14.44,0.652,2
"517","site517",48.362,13.113,13.6,NA,12.942,0.95,NA,1.463,4.415,8.121,1.173,2.961,0.5,7.1,9.82,0.793,2
"518","site518",48.487,-76.921,7.135,14.875,14.875,0.744,1.548,1.548,0.709,0.333,1.409,5.536,0.8,4,29.93,0.562,4
"519","site519",48.529,-54.037,6.514,13.059,13.059,0.947,2.187,2.187,3.313,4.321,1.528,4.183,0.7,3.1,146.41,0.624,4
"520","site520",48.529,-54.029,6.763,17.271,17.271,0.738,1.836,1.836,3.302,4.329,1.538,3.802,0.7,3.1,146.41,0.633,4
"521","site521",48.579,116.946,15.67,29.585,29.585,1.2,1.86,1.86,9.117,0.854,0.195,2.154,0.6,8.3,10.05,0.184,5
"522","site522",48.662,-85.463,10.143,18.04,18.04,0.994,1.724,1.724,29.703,1.096,1.131,6.077,0.8,5.1,13.51,0.665,4
"523","site523",48.671,-85.471,11.34,19.538,19.538,1.166,2.004,2.004,29.685,1.092,1.135,5.584,0.8,5.1,13.51,0.647,4
"524","site524",48.671,-85.463,8.193,14.569,14.569,0.925,1.994,1.994,29.559,1.083,1.138,5.372,0.8,5.1,13.51,0.57,4
"525","site525",48.688,117.838,13.732,34.186,34.186,0.854,1.932,1.932,10.8,0.183,0.232,2.187,0.4,8.3,8.96,0.189,5
"526","site526",48.721,-85.287,12.83,13.958,13.958,1.213,1.412,1.412,26.259,0.838,1.121,5.35,0.8,5.1,13.51,0.617,4
"527","site527",48.729,-66.754,13.373,23.292,23.292,2.022,3.537,3.537,1.877,0.525,1.76,5.702,0.8,4.4,24.75,0.529,4
"528","site528",48.737,-66.713,14.253,21.437,21.437,1.662,2.965,2.965,1.85,0.779,1.698,5.606,0.8,4.4,24.75,0.574,4
"529","site529",48.771,116.229,13.4,19.57,19.57,1.14,1.14,1.14,8.999,0.467,0.196,2.391,0.8,8.2,18.3,0.202,5
"530","site530",48.838,118.871,12.163,21.53,21.53,0.69,1.133,1.133,11.081,-1.283,0.298,4.577,0.8,8.2,15.75,0.222,5
"531","site531",49.021,-56.129,9.084,16.085,16.085,0.821,1.536,1.536,3.25,3.483,1.448,2.87,0.7,3.6,114.44,0.676,4
"532","site532",49.079,119.713,13.828,26.022,26.022,1.098,2.09,2.09,8.856,-1.146,0.338,3.014,0.3,8.3,7.35,0.262,5
"533","site533",49.104,116.988,11.365,35.25,35.25,1.12,2.24,2.24,10.573,0.371,0.226,2.062,0.8,8.2,18.3,0.173,5
"534","site534",49.112,-119.113,8.95,NA,12.018,NA,NA,1.752,2.833,4.537,0.488,1.82,0.4,6,48.17,0.609,3
"535","site535",49.121,117.804,14.8,31.535,31.535,1.23,1.66,1.66,11.75,-0.387,0.273,2.386,0.3,8.5,3.92,0.204,5
"536","site536",49.229,-91.229,9.075,15.65,15.65,0.802,1.704,1.704,6.514,1.2,0.941,5.256,0.8,5.1,13.51,0.581,2
"537","site537",49.237,-91.213,8.81,13.87,13.87,1.498,2.362,2.362,6.406,1.188,0.94,4.939,0.8,5.1,13.51,0.556,4
"538","site538",49.246,-91.129,8.437,13.435,13.435,1.044,1.65,1.65,5.853,1.129,0.936,4.389,0.8,5.1,13.51,0.557,4
"539","site539",49.263,-91.162,10.335,15.801,15.801,1.021,2.051,2.051,6.078,1.071,0.94,4.608,0.8,5.1,13.51,0.543,4
"540","site540",49.279,-73.896,6.936,16.801,16.801,0.904,2.403,2.403,0.476,0.083,1.366,6.493,0.8,4,29.93,0.538,4
"541","site541",49.296,119.338,13.867,22.713,22.713,1.237,1.72,1.72,11.118,-1.775,0.346,6.795,0.6,8.1,16.75,0.252,5
"542","site542",49.329,120.054,8.65,12.45,12.45,0.72,0.94,0.94,7.953,-2.287,0.383,3.681,0.6,8.2,21.29,0.263,5
"543","site543",49.346,120.121,14.585,19.818,19.818,1.032,1.078,1.078,7.634,-2.525,0.393,3.325,0.3,8.2,14.15,0.282,5
"544","site544",49.354,120.121,10.213,25.074,25.074,1.012,2.001,2.001,7.654,-2.554,0.394,3.384,0.3,8.2,14.15,0.28,5
"545","site545",49.362,-79.046,9.363,16.736,16.736,0.952,2.076,2.076,0.347,0.337,1.156,4.383,0.5,5.6,61.38,0.614,4
"546","site546",49.446,-78.512,12.955,16.625,16.625,1.358,2.3,2.3,0.362,0.158,1.203,5.765,0.5,4.4,46.67,0.512,4
"547","site547",49.463,-78.537,13.373,16.421,16.421,1.199,1.941,1.941,0.356,0.125,1.209,6.595,0.5,4.4,46.67,0.547,4
"548","site548",49.463,118.238,11.1,20.593,20.593,0.842,1.105,1.105,12.824,-0.625,0.286,2.609,0.8,8.2,15.75,0.233,5
"549","site549",49.479,117.954,11.098,27.024,27.024,NA,NA,2.025,12.685,-0.396,0.287,2.142,0.9,8.2,18.31,0.206,5
"550","site550",49.546,117.571,12.867,25.375,25.375,0.772,1.158,1.158,12.146,-0.096,0.274,2.758,0.9,8.2,15.6,0.183,5
"551","site551",49.571,-67.821,8.982,16.638,16.638,1.007,1.75,1.75,0.323,-0.225,1.709,6.107,0.8,5.1,13.51,0.532,4
"552","site552",49.596,-117.504,8.367,NA,12.018,NA,NA,1.752,12.342,4.967,1.059,2.479,0.6,5.7,11.66,0.615,3
"553","site553",49.629,-92.771,8.576,15.493,15.493,1.019,2.149,2.149,3.536,1.95,0.895,4.816,0.5,6.4,6.84,0.54,2
"554","site554",49.662,-87.787,8.754,16.268,16.268,0.852,1.866,1.866,1.551,0.192,1.19,5.514,0.8,5.1,13.51,0.614,4
"555","site555",49.671,-87.996,8.33,13.272,13.272,1.216,1.831,1.831,1.378,0.571,1.102,4.741,0.8,4,10.33,0.526,4
"556","site556",49.671,-87.721,7.385,14.025,14.025,1.109,2.263,2.263,1.588,0.188,1.186,6.03,0.8,5.1,13.51,0.574,4
"557","site557",49.696,-68.121,8.548,14.968,14.968,1.213,2.278,2.278,0.474,0.2,1.615,6.241,0.8,5.1,13.51,0.53,4
"558","site558",49.729,-86.312,6.433,13.037,13.037,1.216,3.205,3.205,6.845,0.075,1.081,5.3,0.8,5.1,13.51,0.545,4
"559","site559",49.746,-86.329,7.576,17.278,17.278,0.92,2.093,2.093,6.615,0,1.091,4.903,0.8,5.1,13.51,0.556,4
"560","site560",49.746,12.379,15.2,NA,12.942,NA,NA,1.463,3.588,6.292,1.128,3.804,0.6,4.8,15.48,0.698,2
"561","site561",49.779,-69.287,6.716,14.973,14.973,0.729,1.748,1.748,0.271,-0.912,1.541,6.23,0.8,5.1,13.51,0.447,4
"562","site562",49.779,-69.279,7.045,12.85,12.85,0.382,1.153,1.153,0.275,-0.842,1.535,6.517,0.8,5.1,13.51,0.442,4
"563","site563",49.796,-86.329,7.24,13.475,13.475,0.829,2.208,2.208,6.232,0,1.087,5.201,0.8,5.1,13.51,0.553,4
"564","site564",49.821,-73.896,6.518,14.659,14.659,1.012,2.451,2.451,0.332,-0.475,1.456,7.97,0.8,5.1,13.51,0.35,4
"565","site565",49.838,-91.371,7.87,12.848,12.848,1.103,2.559,2.559,5.493,1.033,0.964,4.977,0.8,5.1,13.51,0.542,4
"566","site566",49.888,-91.512,8.051,14.614,14.614,1.126,2.731,2.731,5.728,1.071,0.969,5.075,0.8,5.1,13.51,0.542,4
"567","site567",49.888,-91.504,9.8,15.083,15.083,1.066,2.756,2.756,5.756,1.067,0.964,5.322,0.8,5.1,13.51,0.541,4
"568","site568",49.888,119.988,11.735,15.785,15.785,0.8,1.25,1.25,7.625,-3.071,0.452,4.383,0.4,7.5,22.08,0.282,5
"569","site569",49.963,11.796,15,NA,12.942,NA,NA,1.463,4.725,5.963,1.634,4.934,0.6,6.1,14.69,0.687,2
"570","site570",49.963,119.021,13,18,18,0.83,0.97,0.97,9.35,-1.842,0.375,3.288,0.5,8.3,11.29,0.248,5
"571","site571",49.996,12.129,14.9,NA,12.942,0.95,NA,1.463,4.55,6.812,0.984,2.429,0.7,5.3,7.26,0.732,2
"572","site572",50.112,11.846,16.9,NA,12.942,1.05,NA,1.463,5.306,6.062,1.499,3.924,0.7,3.9,65.49,0.764,2
"573","site573",50.129,11.854,16.9,NA,NA,1.05,NA,NA,5.365,5.708,1.586,4.709,0.7,3.9,6.52,0.662,2
"574","site574",50.129,11.863,10.2,NA,12.942,NA,NA,1.463,5.355,5.692,1.592,5.046,0.7,3.9,6.52,0.67,2
"575","site575",50.171,119.387,12.74,26.876,26.876,1.408,2.57,2.57,7.844,-2.3,0.384,2.504,0.3,8.2,14.15,0.253,5
"576","site576",50.188,120.004,13.74,21.546,21.546,1.068,1.188,1.188,6.69,-2.842,0.431,3.619,0.9,8.2,30.1,0.263,5
"577","site577",50.213,12.562,15.25,NA,12.942,1.25,NA,1.463,4.663,7.033,0.864,2.313,0.6,5.1,14.72,0.598,2
"578","site578",50.646,121.613,14.863,24.999,24.999,1.55,2.512,2.512,4.596,-3.842,0.595,2.552,0.7,6.4,22.01,0.318,3
"579","site579",50.787,121.546,8.984,23.759,23.759,1.039,1.846,1.846,4.521,-4.108,0.604,2.785,0.5,8.1,16.9,0.187,3
"580","site580",50.804,-118.796,8.367,NA,12.018,NA,NA,1.752,15.431,1.029,1.654,4.33,0.8,5.2,18.56,0.366,3
"581","site581",50.804,-117.704,9.567,NA,12.018,NA,NA,1.752,8.55,1.608,1.996,7.149,0.8,5.2,18.56,0.194,3
"582","site582",50.904,-120.504,11.367,NA,12.018,NA,NA,1.752,1.179,2.858,0.685,2.643,0.4,6.7,20.66,0.508,3
"583","site583",50.904,121.496,8.08,19.726,19.726,0.9,2.579,2.579,4.483,-4.333,0.618,4.109,0.5,8.1,16.9,0.265,3
"584","site584",50.904,121.504,12.141,20.737,20.737,1.496,2.58,2.58,4.483,-4.196,0.613,4.264,0.5,8.1,16.9,0.256,3
"585","site585",50.912,121.504,9.374,20.692,20.692,1.305,2.796,2.796,4.483,-4.183,0.615,4.482,0.5,8.1,16.9,0.351,3
"586","site586",50.929,121.046,8.4,NA,17.2,NA,NA,NA,4.803,-4.279,0.62,4.257,1.2,5.1,36.8,0.252,3
"587","site587",51.071,10.504,10.64,NA,22.028,NA,NA,2.036,6.331,7.95,0.949,3.497,0.5,6.6,32.84,0.63,2
"588","site588",51.088,10.521,11.667,NA,22.52,0.743,NA,2.22,6.299,8.171,0.87,2.637,0.5,6.6,32.84,0.685,2
"589","site589",51.312,10.238,13.684,20.444,20.444,NA,NA,1.958,5.728,7.275,1.244,4.289,0.5,6.6,32.84,0.549,2
"590","site590",51.312,120.196,11.532,22.844,22.844,2.095,2.758,2.758,5.325,-3.446,0.581,5.184,0.4,7.5,21,0.416,5
"591","site591",51.696,-123.396,10.5,NA,12.018,NA,NA,1.752,0.662,2.517,0.479,2.528,0.4,6.5,18.03,0.423,3
"592","site592",51.729,9.863,12.158,22.5,22.5,NA,NA,1.426,5.108,8.4,1.077,3.581,0.6,6.2,19.44,0.641,2
"593","site593",51.754,123.287,9.829,23.354,23.354,1.804,2.432,2.432,5.364,-4.258,0.714,4.269,1.7,5.8,52.65,0.314,3
"594","site594",51.779,123.021,8.641,NA,18.196,1.478,NA,2.271,5.139,-4.533,0.679,3.527,1.7,5.8,52.65,0.351,3
"595","site595",52.246,17.062,7.155,NA,21.635,0.208,NA,1.785,5.162,8.621,0.582,1.432,0.7,4.3,20.09,0.637,2
"596","site596",52.246,93.004,7.4,10.886,10.886,0.397,1.001,1.001,2.242,-3.033,0.691,4.23,0.5,5.1,4.2,0.512,3
"597","site597",52.379,123.046,7.992,20.48,20.48,1.433,3.377,3.377,4.605,-4.821,0.684,4.256,1.2,5.1,36.8,0.334,3
"598","site598",52.629,123.696,11.6,NA,17.2,NA,NA,NA,4.568,-3.283,0.616,3.343,1.2,5.1,36.8,0.414,3
"599","site599",52.771,-86.287,6.27,14.93,14.93,0.938,3.104,3.104,0.949,-2.192,1.012,5.019,NA,4.5,109.6,0.469,4
"600","site600",53.221,-106.054,10.383,16.723,16.723,1.342,2.431,2.431,0.105,1.346,0.474,2.673,0.3,6.1,85.55,0.426,5
"601","site601",53.237,-116.829,11.713,20.363,20.363,2.032,3.764,3.764,0.382,2.45,0.644,2.488,0.5,5.2,90.79,0.493,3
"602","site602",53.237,-116.821,10.283,16.096,16.096,1.602,3.426,3.426,0.385,2.417,0.644,2.702,0.5,5.2,90.79,0.483,3
"603","site603",53.329,121.146,7.919,18.26,18.26,1.06,1.819,1.819,4.645,-3.692,0.556,3.913,0.8,4.8,48.97,0.478,3
"604","site604",55.704,13.579,10.2,NA,21.324,NA,NA,1.501,4.394,7.546,0.947,3.175,0.6,6.2,13.55,0.62,2
"605","site605",56.338,-116.746,11.295,18.585,18.585,1.079,2.06,2.06,0.212,1.212,0.457,3.468,0.5,5.3,84.57,0.576,5
"606","site606",56.388,-116.887,6.5,12.83,12.83,0.637,1.406,1.406,0.194,1.1,0.456,3.227,0.5,5.8,66.26,0.632,5
"607","site607",56.529,13.179,9.7,NA,NA,0.6,NA,NA,5.051,7.162,1.354,3.529,0.6,4.9,29.62,0.573,2
"608","site608",56.546,13.212,9.7,NA,12.942,0.6,NA,1.463,5.122,6.737,1.537,4.854,0.6,4.9,29.62,0.648,2
"609","site609",56.746,-118.387,13.585,22.191,22.191,2.124,4.071,4.071,0.016,0.75,0.504,3.823,0.5,5.7,97.07,0.568,3
"610","site610",56.771,-118.371,9.887,19.71,19.71,1.204,3.13,3.13,0.018,0.817,0.502,3.759,0.5,5.6,94.11,0.635,3
"611","site611",56.879,13.304,8.3,NA,12.942,0.75,NA,1.463,5.398,6.267,1.53,4.069,0.7,4.9,32.31,0.622,2
"612","site612",58.679,26.754,14,NA,12.942,NA,NA,1.463,0.19,5.075,0.857,2.215,0.4,4.6,23.86,0.464,2
"613","site613",59.404,18.413,13.2,NA,12.942,1.7,NA,1.463,10.45,6.279,0.806,5.62,0.7,5.9,14.87,0.572,2
"614","site614",59.629,11.229,10.584,NA,13.411,0.589,NA,1.274,1.706,5.242,1.158,4.325,0.7,5.1,16.7,0.491,4
"615","site615",60.579,-138.238,13.02,14.517,14.517,1.44,1.51,1.51,6.607,-3.737,1.082,6.182,0.6,7,11.41,0.029,4
"616","site616",60.629,23.804,8.2,NA,12.942,NA,NA,1.463,1.751,4.217,0.994,5.01,0.7,4.1,11.43,0.551,4
"617","site617",60.737,24.504,3.675,NA,13.411,0.585,NA,1.274,1.191,4.121,0.928,5.218,0.7,4.1,11.43,0.437,4
"618","site618",60.821,16.496,5.7,NA,13.411,0.69,NA,1.274,3.148,4.267,0.989,4.406,0.7,4.7,29.95,0.594,4
"619","site619",61.312,22.154,NA,NA,NA,0.896,NA,1.463,2.699,4.458,0.882,3.59,0.7,4.4,19.42,0.498,4
"620","site620",61.404,16.763,9.5,NA,13.411,1.5,NA,1.274,2.921,4.262,1.034,4.366,0.7,5.2,22.55,0.581,4
"621","site621",61.862,24.304,10.7,NA,12.942,NA,NA,1.463,0.219,3.188,1.057,4.617,0.7,4.1,11.43,0.446,4
"622","site622",62.013,129.729,5.7,14.008,14.008,0.842,2.492,2.492,10.815,-9.208,0.347,5.183,0.7,6.8,26.67,0.271,4
"623","site623",63.546,22.479,9.9,NA,12.942,NA,NA,1.463,0.61,3.596,0.807,4.921,0.7,4.7,24.6,0.373,4
"624","site624",64.062,-148.246,24,NA,17.267,NA,NA,1.778,1.652,-3.146,0.576,4.513,0.6,4.9,11.41,0.315,4
"625","site625",64.279,100.229,4.583,10.409,10.409,NA,NA,NA,4.645,-9.075,0.648,5.579,0.5,6.9,27.43,0.262,4
"626","site626",64.679,-148.246,18,NA,10.809,NA,NA,1.515,2.248,-3.142,0.473,6.648,0.6,4.5,25.02,0.365,4
"627","site627",64.912,40.946,11.562,NA,12.942,0.7,NA,1.463,0.57,0.175,0.907,4.738,0.7,5,18.22,0.43,4
"628","site628",65.171,-147.829,12.114,NA,14.1,1.59,NA,1.837,3.069,-3.125,0.486,6.801,0.7,4.9,25.9,0.362,4
"629","site629",65.571,27.471,4.24,NA,13.411,0.495,NA,1.274,0.014,0.762,1.054,5.384,0.8,3.9,21.59,0.502,4
"630","site630",66.029,26.629,7.5,NA,12.942,NA,NA,1.463,0.115,0.425,1.022,6.769,0.8,3.9,21.59,0.51,4
"631","site631",67.596,24.138,6.2,NA,12.942,NA,NA,1.463,0.198,-0.962,1.038,5.042,0.8,3.9,21.59,0.343,4
"632","site632",68.329,19.054,7.295,NA,13.081,0.765,NA,1.4,4.937,-1.017,0.933,3.617,0.6,4.8,27.34,0.221,4
"633","site633",68.354,18.812,10.668,19.021,19.021,1.291,1.884,1.884,5.278,0.654,0.589,4.572,0.6,4.8,27.34,0.345,4
"634","site634",68.354,18.821,9.2,NA,14.416,NA,NA,2.172,5.269,0.679,0.592,4.085,0.6,4.8,27.34,0.273,4
"635","site635",68.537,27.688,4.41,NA,13.411,0.415,NA,1.274,0.326,-1.196,0.945,4.688,0.8,3.9,21.59,0.206,4
"636","site636",68.613,-149.321,8.301,NA,15.448,NA,NA,2.466,5.703,-8.917,0.506,14.167,0.6,5,10.97,0.234,4
"637","site637",68.629,-149.721,7.6,NA,12.477,0.5,NA,2.243,5.796,-9.317,0.504,9.883,0.6,6.2,10.97,0.22,4
"638","site638",68.629,-149.571,13.257,8.56,10.254,NA,NA,2.09,5.753,-8.75,0.497,8.898,0.6,6.2,10.97,0.187,4
"639","site639",68.629,20.846,11.7,NA,16.503,NA,NA,2.221,4.491,-2.633,1.175,4.29,0.6,4.8,27.34,0.2,4
"640","site640",74.471,-20.571,15.1,NA,14.416,NA,NA,2.172,19.847,-10,0.763,6.664,0.6,6.9,12.08,0.029,4
"641","site641",77.471,-69.271,10.74,27.75,27.75,0.65,2.54,2.54,19.19,-11.529,0.393,7.394,0.6,6.9,12.08,0.017,4
"642","site642",78.879,-75.921,9.651,16.082,15.498,1.306,2.309,2.207,20.565,-16.329,0.672,6.134,0.6,6.90000000102804,12.08,0.01,8
"643","site643",78.929,11.829,12,NA,14.897,0.71,NA,2.044,17.841,-6.3,1.356,5.955,NA,4.9,26.74,0.02,4
"644","site644",82.096,-32.529,9.71,23.92,23.92,0.52,2.29,2.29,19.126,-17.812,1.208,NA,0.6,6.89999999959264,12.08,NA,4
